question_id,em_strict,em_semantic,agreement,rationale
A01,1,1,True,"La risposta del modello contiene il fatto centrale corretto: la soglia è 1.0 MW per l'IT power. Il numero corrisponde esattamente al ground truth. La risposta fornisce anche contesto aggiuntivo corretto (data center con IT power >= 1MW devono divulgare la capacità di calore di scarto annualmente), c"
A02,1,1,True,"La risposta del modello conferma esplicitamente 'obligation: mandatory' e 'threshold_mw: 1.0 | unit: MW', corrispondendo perfettamente alla ground truth che richiede se la compliance è obbligatoria o volontaria per data center sopra 1 MW. I fatti centrali (obbligatorietà, soglia 1 MW) sono corretti,"
A03,1,1,True,"La risposta del modello include correttamente EED Art. 23 con descrizione 'Mandatory assessment of DH every 5 years', che corrisponde semanticamente alla ground truth 'Mandatory comprehensive assessment of DH every 5 years'. L'articolo citato (23), il regolamento (EED 2023), l'obbligo (mandatory) e "
A04,1,1,True,"La risposta del modello contiene esplicitamente 'year: 2023' per la Energy Efficiency Directive 2023/1791, che corrisponde esattamente alla ground truth. Il fatto centrale richiesto (anno di pubblicazione = 2023) è correttamente presente nella risposta, anche se la risposta include informazioni aggi"
A05,1,1,True,"La risposta del modello identifica correttamente i tre KPI definiti dal Regolamento Delegato 2024/1364: TWH (specificato come T_CDU_return, che è la formulazione tecnica equivalente), ERF ed EREUSE. I fatti centrali corrispondono alla ground truth. Le informazioni aggiuntive su altri regolamenti (EE"
A06,1,1,True,"La risposta del modello include esplicitamente l'articolo EED-ART-24 con obligation: mandatory, che corrisponde esattamente alla ground truth. Il fatto centrale richiesto (tipo di obbligo di EED Article 24) è correttamente identificato come 'mandatory'. Le informazioni aggiuntive presenti nella risp"
A07,0,1,False,"La risposta del modello identifica correttamente i 3 articoli EED 2023/1791 (Art.23, Art.24, Art.26) che corrispondono esattamente al ground truth. Sebbene la risposta includa anche un articolo aggiuntivo di un'altra normativa (DEL-REG-2024-1364), i fatti centrali richiesti dalla domanda sono presen"
A08,1,1,True,"La risposta del modello identifica correttamente il Delegated Regulation EU 2024/1364 (codificato come DEL-REG-2024-1364) come la normativa che definisce la metodologia KPI per il reporting del calore di scarto dei data center, corrispondendo alla ground truth. L'articolo 2 citato riguarda definizio"
A09,1,1,True,"La risposta del modello include esplicitamente 'scope: data-center-energy-efficiency' per ASHRAE 90.4, che corrisponde esattamente alla ground truth. I fatti centrali sono corretti: lo standard ASHRAE 90.4 è correttamente identificato con il suo scope di efficienza energetica per data center."
A10,1,1,True,"La risposta del modello include esplicitamente 'issuer: ASHRAE' per lo standard ASHRAE-90.4, confermando che l'organizzazione che pubblica lo standard è ASHRAE, in linea con il ground truth. Il fatto centrale richiesto è correttamente presente nella risposta."
A11,1,1,True,"La risposta del modello include esplicitamente 'ISO-23247 | name: Digital Twin manufacturing framework', che corrisponde semanticamente alla ground truth 'Digital twin manufacturing framework'. I fatti centrali sono corretti: lo standard ISO 23247 copre il framework per i digital twin nella manifatt"
A12,1,1,True,"La risposta del modello include esplicitamente 'ISO-23247 | year: 2021', che corrisponde esattamente alla ground truth. Il fatto centrale richiesto (anno di pubblicazione di ISO 23247 = 2021) è presente e corretto."
A13,1,1,True,"La risposta del modello contiene le informazioni corrette per T1: range 40.0-60.0 gradi Celsius, etichetta 'Low Grade'. I fatti centrali corrispondono esattamente al ground truth (40 to 60 degrees Celsius). Il fatto che la risposta includa anche T2 e T3 non invalida la correttezza della risposta all"
A14,1,0,False,"La risposta del modello non risponde alla domanda sul range di temperatura della banda T2 medium-grade heat. Invece di fornire '60 to 90 degrees Celsius', il modello restituisce una serie di scenari tecnici non pertinenti. Sebbene nei dati appaiano i valori 60.0 e 90.0 come required_c in alcuni scen"
A15,1,1,True,"La risposta del modello include esplicitamente i dati per T3 (High Grade) con range_min_c: 90.0 e range_max_c: 130.0 degrees Celsius, che corrisponde esattamente alla ground truth '90 to 130 degrees Celsius'. I fatti centrali sono corretti, i numeri coincidono perfettamente."
A16,1,1,True,"La risposta del modello elenca esattamente 3 bande di temperatura (T1, T2, T3), confermando il fatto centrale richiesto dalla domanda. Sebbene la risposta fornisca dettagli aggiuntivi (etichette e intervalli), il numero e gli identificatori delle bande corrispondono perfettamente alla ground truth."
A17,1,1,True,"La risposta del modello include esplicitamente 'id: DC-S | scale: Edge | it_kw: 500', confermando che il data center di tipo Edge ha una capacità IT di 500 kW, che corrisponde esattamente al ground truth."
A18,1,1,True,"La risposta del modello mostra chiaramente che tutti e tre gli archetipi (DC-S, DC-M, DC-L) utilizzano il raffreddamento liquido ('cooling: liquid'), confermando il fatto centrale della ground truth 'liquid cooling'. I dati presentati supportano inequivocabilmente la risposta corretta."
A19,1,0,False,"La risposta del modello riporta 29500 kW come available_kw, mentre la ground truth indica 30000 kW come capacità di calore di scarto del data center hyperscale. Il valore numerico centrale non corrisponde (differenza di 500 kW). Inoltre, la risposta non risponde direttamente alla domanda ma fornisce"
A20,1,1,True,"La risposta del modello include esplicitamente 'DC-M | scale: Mid-size | pue: 1.15', che corrisponde esattamente al valore atteso di 1.15 per il data center di medie dimensioni. Il fatto centrale richiesto è correttamente presente nella risposta."
A21,1,1,True,"Il modello riporta correttamente il valore centrale richiesto: 300.0 EUR/toe, che corrisponde esattamente al ground truth di 300 EUR/toe. Le informazioni aggiuntive (conversione in EUR/MWh, tecnologie ammissibili, decreti) sono supplementari e non contraddicono la risposta attesa."
A22,1,1,True,"La risposta del modello include esplicitamente il valore 'eur_per_mwh: 25.8' che corrisponde esattamente al ground truth di 25.8 EUR/MWh. Il fatto centrale richiesto dalla domanda è correttamente presente nella risposta, nonostante il formato sia strutturato con informazioni aggiuntive."
A23,1,1,True,"La risposta del modello include esattamente le tre tecnologie richieste dalla ground truth: 'waste-heat-recovery', 'heat-pump' e 'absorption-chiller', nell'array eligible_technologies. I fatti centrali sono corretti e corrispondono perfettamente alla ground truth, nonostante la risposta contenga inf"
A24,0,0,True,"La risposta del modello non menziona affatto GSE (Gestore Servizi Energetici), che è il corpo amministrativo richiesto dalla domanda. La risposta fornisce informazioni su incentivi, prezzi e tecnologie ammissibili, ma non risponde alla domanda specifica su quale ente italiano amministra il sistema d"
A25,0,0,True,"La risposta del modello non risponde alla domanda (quanti decreti normativi italiani sull'efficienza energetica sono nel knowledge graph), ma fornisce invece dati su incentivi e tecnologie. Inoltre, nella sezione 'governing_decrees' elenca solo 2 decreti (DM 2021 e DM MASE 2025) su 5 presenti nella "
A26,0,1,False,"La risposta del modello menziona 'DM 2021 (fondante)' tra i decreti governanti, che corrisponde semanticamente al 'Decreto Ministeriale 21 maggio 2021' indicato come ground truth. Il termine 'fondante' conferma esplicitamente che questo decreto è considerato l'atto fondante del sistema TEE/CB, allin"
A27,1,1,True,"La risposta del modello contiene esplicitamente 'threshold_mw: 1.0' che corrisponde esattamente al valore della ground truth (1.0 MW). Il contesto aggiuntivo fornito (Danimarca, Varmeforsyningsloven, obbligo di connessione DH) è corretto e coerente con la domanda."
A28,1,1,True,"La risposta del modello indica esplicitamente 'supply_temp_c: 60.0' con unità 'degrees Celsius', che corrisponde esattamente alla ground truth di 60 gradi Celsius. Le informazioni aggiuntive presenti nella risposta (temperatura di ritorno, capacità, note) non contraddicono il fatto centrale richiest"
A29,1,1,True,"La risposta del modello indica esplicitamente 'return_temp_c: 35.0' con unità 'degrees Celsius', che corrisponde esattamente al ground truth di 35 gradi Celsius. Il fatto centrale richiesto (temperatura di ritorno della rete 4GDH danese) è correttamente presente nella risposta, anche se fornita in f"
A30,0,0,True,"La risposta del modello non contiene alcuna informazione relativa all'obiettivo di riduzione delle emissioni GHG della Danimarca nel NECP 2024 né all'anno target 2030. La risposta riguarda invece una normativa danese sull'obbligo di connessione al teleriscaldamento (Heat Supply Act), che è completam"
A31,0,0,True,"La risposta del modello non menziona affatto la Danish Energy Agency (DK-DEA) come agenzia che applica la Heat Supply Act. La domanda chiede specificamente quale agenzia danese fa rispettare gli obblighi della legge, ma il modello fornisce informazioni generali sul framework normativo (soglie, obbli"
A32,0,0,True,"La risposta del modello non contiene alcuna informazione sulla penetration rate del teleriscaldamento (DH) in Danimarca. La ground truth è '65%', ma il modello risponde con informazioni sul framework legislativo danese (Varmeforsyningsloven), gli obblighi di connessione e le soglie MW, senza menzion"
A33,0,0,True,"La risposta del modello non contiene alcuna informazione sulla generazione della rete di teleriscaldamento danese (3GDH - Third Generation District Heating). La risposta fornisce informazioni sulla legislazione danese (Varmeforsyningsloven) e sui mandati di connessione, che sono completamente irrile"
A34,1,1,True,"La risposta del modello contiene esplicitamente 'supply_temp_c: 80.0' con unità 'degrees Celsius', che corrisponde esattamente alla ground truth di 80 gradi Celsius. Il fatto centrale richiesto (temperatura di mandata della rete danese 3GDH) è correttamente indicato, anche se la risposta include inf"
B01,1,1,True,"La risposta del modello contiene tutti i fatti centrali corretti: scenario S1, temperatura di fornitura 47.6°C, requisito di pastorizzazione 60°C, e stato REQUIRES_UPGRADE. I numeri corrispondono esattamente alla ground truth. La formulazione è diversa (struttura tabellare vs frase descrittiva) ma i"
B02,1,0,False,"La risposta del modello elenca le specifiche tecniche di tre data center (DC-S, DC-M, DC-L) ma non risponde alla domanda su quale data center e processo siano coinvolti nello Scenario S5. Non menziona il processo 'Paper Drying' né identifica esplicitamente DC-M come il data center coinvolto in S5. L"
B03,1,1,True,"La risposta del modello include esplicitamente per lo scenario S9: upgrade_tech = CO2_HTHP e supply_temp_c = 110.0, che corrisponde esattamente alla ground truth 'CO2_HTHP with supply temperature 110C'. I fatti centrali e i valori numerici coincidono perfettamente."
B04,0,0,True,"La ground truth afferma che 3 scenari (S1, S4, S7) usano liquid cooling con direct heat exchange. La risposta del modello mostra solo 1 scenario (S1), non risponde alla domanda 'quanti sono' e non menziona S4 e S7. La risposta è incompleta e non fornisce il numero richiesto (3)."
B05,1,1,True,"La risposta del modello include correttamente il valore 29500 kW (available_kw: 29500.0) per lo scenario S7, banda T1, con tecnologia direct_HX, che corrisponde esattamente alla ground truth '29500 kW from HS-L-direct_HX'. I fatti centrali (scenario S7, T1, 29500 kW, direct_HX) sono tutti presenti e"
B06,0,0,True,"La risposta del modello riguarda uno scenario completamente diverso (S1, DC-S, Pasteurization, 60°C) e non risponde alla domanda sullo scenario S3 (Edge DC, T3 band). Non menziona il gap di 20°C, né la temperatura di 110°C fornita da CO2_HTHP, né il requisito di 130°C per la sterilizzazione."
B07,1,0,False,"La domanda chiede il settore industriale del processo target nello Scenario S2. La ground truth indica 'Pulp and Paper Industry (Paper Drying process)'. La risposta del modello non contiene alcuna voce con scenario S2; i dati mostrati riguardano scenari S7, S8, S9 e S4. Sebbene il processo 'Paper Dr"
B08,1,0,False,"La risposta del modello elenca solo alcune righe di dati grezzi (scenari S7, S8, S9 per DC-L e S4 per DC-M) senza fornire il conteggio richiesto di 6 scenari (S1, S3, S4, S6, S7, S9). Il modello non risponde alla domanda 'quanti scenari' e non identifica correttamente tutti e 6 gli scenari target pe"
B09,1,0,False,"PARSE_ERROR | raw='{""semantic_correct"": true, ""rationale"": ""La risposta del modello per S8 contiene tutti i fatti centrali corretti: temp_band T2, processo Paper Drying, process_temp_c 90.0°C, upgrade_tech HP (corrispon'"
B10,1,0,False,"Il modello identifica correttamente la soglia (1 MW) e l'articolo (EED Article 26), ma non risponde alla domanda specifica su QUALI data center nel framework devono conformarsi. La ground truth richiede l'identificazione esplicita di DC-M (3.2 MW) e DC-L (25 MW) come i data center sopra soglia. Il m"
B11,1,0,False,"Il modello fornisce informazioni generali corrette sulla soglia (1 MW) e sull'obbligo EED, ma non risponde alla domanda specifica: non dice se DC-S rientra o meno nell'obbligo. La ground truth afferma esplicitamente che DC-S NON è soggetto all'obbligo perché ha 500 kW di capacità IT, sotto la soglia"
B12,1,1,True,"La risposta del modello identifica correttamente i data center DC-M e DC-L come quelli che devono connettersi alla rete DH, corrispondendo esattamente al ground truth. La soglia di 1 MW è corretta e il framework normativo (Varmeforsyningsloven) è citato correttamente. Le informazioni aggiuntive (pae"
B13,0,0,True,"La risposta del modello non risponde affatto alla domanda. Invece di confermare che gli incentivi italiani TEE/CB possono essere richiesti per un upgrade con pompa di calore in un progetto IS (come indicato nel ground truth), il modello fornisce una tabella di scenari tecnici con dati su temperature"
B14,1,1,True,"La risposta del modello conferma correttamente che waste-heat-recovery è una tecnologia eleggibile per i Certificati Bianchi italiani (IT-TEE-CB), con il valore di 300 EUR/toe che corrisponde esattamente al ground truth. La risposta fornisce anche informazioni aggiuntive coerenti (eur_per_mwh, altre"
B15,1,1,True,"La risposta del modello contiene il fatto centrale corretto: 25.8 EUR/MWh sotto il meccanismo TEE/Certificati Bianchi. Il valore numerico corrisponde esattamente alla ground truth. La risposta aggiunge informazioni supplementari (eur_per_toe, tecnologie ammissibili, decreti) che sono coerenti e non "
B16,1,1,True,"La risposta del modello identifica correttamente Del.Reg 2024/1364 Art.2 come la norma che definisce i KPI TWH, ERF e EREUSE per i data center, corrispondendo ai fatti centrali della ground truth. I riferimenti normativi (DEL-REG-2024-1364, Art.2) e i KPI citati (TWH, ERF, EREUSE) coincidono con la "
B17,0,0,True,"La risposta del modello non menziona affatto il framework normativo (DK-DH-PLANNING-ACT / Varmeforsyningsloven) né la relazione GOVERNED_BY. Fornisce invece parametri tecnici della rete 4GDH (temperature, capacità) che non rispondono alla domanda sulla governance/policy. I fatti centrali richiesti s"
B18,0,0,True,"La risposta del modello identifica correttamente solo uno dei due obblighi (DK DH Connection Mandate), ma omette completamente il secondo obbligo obbligatorio: EED Art.26 disclosure (EU). La domanda chiede quanti obblighi si applicano (risposta attesa: 2), mentre il modello fornisce solo dettagli su"
B19,1,0,False,"La risposta del modello identifica correttamente lo scenario S4 come associato a DC-M (Mid-size) con upgrade direct_HX, ma non fornisce la temperatura di fornitura della fonte di calore richiesta dalla domanda. La ground truth specifica 47.6°C come temperatura di supply del heat source HS-M-direct_H"
B20,1,0,False,"PARSE_ERROR | raw='{""semantic_correct"": false, ""rationale"": ""La risposta del modello fornisce dettagli su scenari (S7, S8, S9) con processi industriali e tecnologie, ma non risponde alla domanda sul numero di nodi sorge'"
B21,1,0,False,"La risposta del modello elenca tutte e tre le bande di temperatura (T1, T2, T3) senza identificare specificamente quale sia collegata a HS-M-HP. La ground truth indica chiaramente che HS-M-HP è collegato alla banda T2 (60-90°C) tramite la relazione IN_BAND. Il modello non risponde alla domanda speci"
B22,0,0,True,"La risposta del modello elenca specifiche tecniche di data center (scala, potenza IT, PUE, calore residuo) ma non risponde affatto alla domanda sui processi manifatturieri raggiungibili. La ground truth indica che Pasteurizzazione (60°C) è raggiungibile e Paper Drying (90°C) è borderline con gap a 7"
B23,0,0,True,"La risposta del modello non contiene alcuna informazione sul delta-T tra HS-L-CO2_HTHP supply temperature e il requisito del processo di sterilizzazione. La ground truth indica un gap di 20°C (110°C di fornitura vs 130°C richiesti), mentre la risposta del modello elenca solo metadati di scenari/conf"
B24,0,0,True,"La risposta del modello afferma che DC-S (T_supply ~47°C) è 'directly compatible without HP' con 4GDH, mentre la ground truth specifica che la connessione diretta è solo 'partially feasible': 47.6°C è sotto la temperatura di mandata richiesta di 60°C (quindi NON compatibile direttamente per alimenta"
B25,0,1,False,"La risposta del modello identifica correttamente HP come tecnologia di upgrade per raggiungere la banda T2 (Paper Drying, 70°C supply vs 90°C required), che corrisponde esattamente al ground truth (HP upgrade, HS-M-HP supply 70C approaches T2 upper bound 90C). I numeri coincidono perfettamente (70°C"
B26,1,0,False,"PARSE_ERROR | raw='{""semantic_correct"": false, ""rationale"": ""La ground truth indica 9 relazioni PRODUCES_HEAT (3 DC x 3 upgrade technologies), ma la risposta del modello mostra almeno 10 righe (9 per DC-L + almeno 1 per'"
B27,1,0,False,"PARSE_ERROR | raw='{""semantic_correct"": false, ""rationale"": ""La risposta del modello elenca scenari e configurazioni di datacenter senza rispondere direttamente alla domanda. La ground truth indica che il settore con il'"
B28,1,0,False,"La risposta del modello non risponde direttamente alla domanda ('quanti scenari IS coinvolgono il settore Pulp and Paper?'). Invece di fornire il numero 3 con i relativi scenari S2, S5, S8, il modello restituisce una lista parziale di record filtrati che include solo S8 (DC-L) per il settore Pulp an"
B29,0,0,True,"La risposta del modello elenca i profili tecnici dei data center raffreddati a liquido (scala, kW IT, PUE, calore di scarto) ma non risponde alla domanda specifica sul 'profile type' delle fonti di calore. La ground truth indica 'baseload - continuous availability throughout the year', che è l'infor"
B30,0,0,True,"La risposta del modello non risponde affatto alla domanda. Invece di calcolare il massimo ricavo incentivante (3840 kW × 7000h = 26,880 MWh/yr × 25.8 EUR/MWh ≈ 693,504 EUR/yr), il modello fornisce una tabella di scenari tecnici su scale di data center, processi industriali e tecnologie di upgrade, s"
B31,1,1,True,"La risposta del modello è semanticamente corretta. Identifica correttamente il framework danese (Varmeforsyningsloven/Heat Supply Act), la soglia di 1 MW, l'obbligo di connessione alla rete DH se economicamente fattibile, e include DC-L tra i datacenter compliant. Manca il riferimento specifico all'"
B32,0,0,True,"La domanda chiede specificamente se la Danimarca ha recepito la EED (Energy Efficiency Directive) secondo il knowledge graph, con risposta attesa 'Yes - eed_transposed = True'. La risposta del modello non risponde a questa domanda: fornisce invece dettagli su un framework normativo danese (Varmefors"
B33,0,0,True,"La risposta del modello non risponde alla domanda sul tasso di penetrazione del teleriscaldamento in Italia. Invece, fornisce informazioni sulla normativa danese (Varmeforsyningsloven) e sui mandati di connessione DH in Danimarca. Non viene menzionato il 5% per l'Italia né alcun confronto con la Dan"
C01,1,1,True,"La risposta del modello contiene tutti i fatti centrali richiesti: tutti e tre gli scenari hanno 29500 kW disponibili, e le temperature di fornitura corrispondono esattamente (47.6°C per S7, 70°C per S8, 110°C per S9). La risposta include anche informazioni aggiuntive (processo, tecnologia di upgrad"
C02,1,1,True,"La risposta del modello identifica correttamente S3, S6, S9 come gli scenari con la temperatura di fornitura più alta (110°C), tutti con upgrade_tech CO2_HTHP. I numeri corrispondono esattamente (supply_c: 110.0). La risposta fornisce dettagli aggiuntivi su tutti gli scenari, ma i fatti centrali ric"
C03,0,0,True,"La risposta del modello non confronta Edge (DC-S) e Hyperscale (DC-L) in termini di capacità di calore recuperabile. Mostra solo scenari applicativi per DC-L (29500 kW), senza menzionare DC-S (590 kW waste heat / 590 kW HS capacity) né il rapporto ~50x tra i due. I fatti centrali richiesti dalla dom"
C04,1,1,True,"La risposta del modello identifica correttamente la soglia di 1 MW per l'obbligo di disclosure dell'EED. Implicitamente, i data center sotto 1 MW (come DC-S/Edge a 500 kW) sono esenti, mentre quelli con IT power >= 1 MW devono dichiarare. I fatti centrali (soglia 1 MW, obbligo di disclosure) corrisp"
C05,0,0,True,"PARSE_ERROR | raw='{""semantic_correct"": false, ""rationale"": ""La risposta del modello fornisce solo i range delle tre bande di temperatura (T1: 40-60°C, T2: 60-90°C, T3: 90-130°C) ma non risponde alla domanda specifica s'"
C06,0,0,True,"PARSE_ERROR | raw='{""semantic_correct"": false, ""rationale"": ""La risposta del modello elenca dati strutturati su scenari e configurazioni di datacenter, ma non risponde alla domanda specifica. La ground truth indica che '"
C07,1,0,False,"La risposta del modello non risponde alla domanda di confronto tra scenari Food vs Paper. Il modello fornisce una lista di record grezzi dal database invece di una risposta comparativa. Inoltre, dai dati mostrati si vedono solo scenari S7, S8, S9 (e parzialmente S4), senza una sintesi che identifich"
C08,1,0,False,"PARSE_ERROR | raw='{""semantic_correct"": false, ""rationale"": ""La risposta del modello fornisce dati dettagliati sugli scenari (temperature di fornitura, temperature richieste, gap) ma non risponde alla domanda centrale: '"
C09,1,0,False,"La risposta del modello mostra solo scenari con available_kw: 29500.0 (corrispondente solo alla taglia HS-L-HP), ma non fornisce la progressione completa richiesta dalla domanda: HS-S-HP (590 kW), HS-M-HP (3776 kW), HS-L-HP (29500 kW). La domanda chiede come scala la capacità termica da Edge a Hyper"
C10,0,0,True,"La risposta del modello non risponde alla domanda. La domanda chiede un confronto dei tassi di penetrazione del teleriscaldamento (DH) tra Italia e Danimarca. La ground truth fornisce dati specifici: Italia 5%, Danimarca 65%, con la Danimarca 13 volte superiore. La risposta del modello invece descri"
C11,0,0,True,"La risposta del modello identifica correttamente la Danimarca come paese con obblighi più forti (dh_pct 65%), ma non fornisce le informazioni chiave richieste: non menziona la legge Varmeforsyningsloven, la soglia >1MW per la connessione obbligatoria al teleriscaldamento, il target NECP DC WHR, né s"
C12,0,0,True,"La risposta del modello fornisce solo informazioni parziali sulla Danimarca (Heat Supply Act / Varmeforsyningsloven con dettagli tecnici), ma omette completamente il confronto con l'Italia (5 decreti ministeriali/direttoriali, framework incentive-based TEE/CB) e non menziona il NECP danese. La doman"
C13,0,0,True,"La risposta del modello descrive solo il framework danese (Varmeforsyningsloven, obbligo di connessione >1MW) senza rispondere alla domanda comparativa su quale giurisdizione offra migliore supporto finanziario. La ground truth indica che l'Italia ha incentivi finanziari più espliciti (TEE/CB a 25.8"
C14,1,1,True,"La risposta del modello copre i fatti centrali: 4GDH con supply_temp 60°C è compatibile con DC LC (~47°C) senza HP. Manca il confronto esplicito con 3GDH (80°C) e la sua incompatibilità diretta, ma il punto chiave sulla compatibilità 4GDH con waste heat dei data center LC è corretto e allineato con "
C15,1,0,False,"La risposta del modello identifica correttamente 3 dei 4 articoli obbligatori (EED-ART-23, EED-ART-24, EED-ART-26) ma manca DK-DH-ACT-CONNECTION-MANDATE. Inoltre aggiunge un articolo extra non presente nel ground truth (DEL-REG-ART-2). Soprattutto, la risposta non menziona affatto l'articolo volonta"
C16,0,0,True,"La risposta del modello è parziale e incompleta. Menziona correttamente il Varmeforsyningsloven danese e l'obbligo di connessione DH, ma omette completamente: 1) il confronto con l'Italia (EED Art.26, TEE/CB), 2) l'EED Art.26 per la Danimarca, 3) il target NECP danese, 4) la conclusione comparativa "
C17,0,0,True,"La risposta del modello non contiene alcuna informazione rilevante alla domanda. Invece di identificare i paesi con EED transposition completata (Italia, Danimarca), la risposta elenca dati su datacenter, scenari industriali e processi termici, che sono completamente non correlati alla domanda posta"
C18,0,0,True,"PARSE_ERROR | raw='{""semantic_correct"": false, ""rationale"": ""La risposta del modello descrive le caratteristiche della rete 4GDH (60°C, compatibile direttamente senza HP) ma non risponde alla domanda specifica: quale up'"
C19,1,0,False,"La risposta del modello fornisce solo i dati per una delle tre tecnologie (direct_HX con supply_temp_c: 47.6), ma non include le informazioni per HP (70.0C, +22.4C) e CO2_HTHP (110.0C, +62.4C). La domanda richiede esplicitamente un confronto tra tutte e tre le tecnologie di upgrade. Sebbene il valor"
C20,0,0,True,"La risposta del modello elenca una serie di scenari/configurazioni senza rispondere direttamente alla domanda. Non menziona esplicitamente la temperatura di fornitura di 110°C associata a CO2_HTHP, che è il fatto centrale richiesto. Sebbene CO2_HTHP appaia nella lista come upgrade con band T3, la ri"
C21,0,0,True,"La risposta del modello non risponde alla domanda. Invece di confrontare i delta-T (supply minus return) tra le tre tecnologie di upgrade, fornisce una lista di record/dati strutturati con combinazioni di datacenter, upgrade, processi e scenari. Non menziona alcun valore di temperatura, nessun delta"
C22,0,0,True,"PARSE_ERROR | raw='{""semantic_correct"": false, ""rationale"": ""La risposta del modello non affronta la domanda specifica sulla vulcanizzazione della gomma a 130°C. Il ground truth indica che CO2_HTHP (con fornitura a 110°'"
C23,0,0,True,"La risposta del modello descrive solo le tre bande di temperatura (T1, T2, T3) con i loro range, ma non fornisce le informazioni richieste sugli scenari IS per il data center di medie dimensioni (DC-M). La ground truth richiede S4, S5, S6 con dettagli specifici: tecnologia (direct_HX, HP, CO2_HTHP),"
C24,0,0,True,"La risposta del modello elenca tutti e 9 gli scenari con dettagli tecnici (supply_c, required_c, status) ma non risponde alla domanda specifica su quali scenari abbiano absorption chiller come tecnologia TEE/CB eleggibile. La ground truth indica che absorption chiller è eleggibile per S2, S3, S5, S6"
C25,1,0,False,"La risposta del modello elenca tutti i processi per ogni banda (Pasteurization, Paper Drying, Sterilization) associati a T1, T2 e T3, suggerendo che ogni banda copre 2 settori (Food e Pulp and Paper). Tuttavia, la ground truth specifica che T1 è associato solo a Food (pasteurization), T2 solo a Pape"
C26,0,1,False,"La risposta del modello include lo scenario S9 con DC-L (29500 kW), upgrade_tech CO2_HTHP e supply_temp_c 110.0°C, che corrisponde esattamente alla ground truth. Sebbene la risposta fornisca informazioni aggiuntive (S7, S8), il fatto centrale richiesto — la combinazione DC-L + CO2_HTHP con 29500 kW "
C27,0,0,True,"PARSE_ERROR | raw='{""semantic_correct"": true, ""rationale"": ""La risposta del modello è semanticamente corretta nei fatti centrali: identifica correttamente TEE/Certificati Bianchi come incentivo applicabile, include wast'"
C28,1,0,False,"La risposta del modello elenca 7 nodi di tipo Regulation (corretto), ma non fornisce alcuna informazione sui nodi di tipo RegulatoryArticle. La domanda chiedeva il conteggio totale di entrambi i tipi di nodi (Regulation: 7, RegulatoryArticle: 6). Il modello risponde solo con i dettagli delle Regulat"
C29,1,0,False,"La risposta del modello fornisce solo i dati del 4GDH (300 MW) ma non include i dati del 3GDH (500 MW). La domanda richiede esplicitamente un confronto tra entrambi i sistemi. Manca metà dell'informazione richiesta, rendendo la risposta incompleta rispetto al ground truth che specifica entrambe le c"
C30,1,1,True,"La risposta del modello identifica correttamente i DC compliant (DC-M e DC-L) come quelli sopra la soglia di 1 MW per il mandato danese di connessione al teleriscaldamento. Sebbene non elenchi esplicitamente gli scenari S4-S9, il fatto centrale è corretto: DC-M (3.2 MW) e DC-L (25 MW) sono entrambi "
C31,0,0,True,"La risposta del modello fornisce dettagli corretti sul meccanismo italiano TEE/CB (incluso il valore 25.8 EUR/MWh che corrisponde alla ground truth), ma risponde solo parzialmente alla domanda. La question chiede un CONFRONTO tra IT e DK IS projects, mentre la risposta del modello ignora completamen"
C32,0,0,True,"La risposta del modello fornisce dati su percentuali di teleriscaldamento (dh_pct) e trasposizione della direttiva EED per Danimarca, UE e Italia, ma non risponde alla domanda su quale paese abbia più strumenti regolatori per IS (Industrial Symbiosis) nel knowledge graph. La ground truth indica una "
C33,0,0,True,"PARSE_ERROR | raw='{""semantic_correct"": false, ""rationale"": ""La risposta del modello elenca semplicemente tutti i 9 scenari con i loro parametri tecnici (dc_scale, process, upgrade_tech, supply_c, required_c, status) se'"
