pair,dc_name,process_name,shift_pattern,annual_hours,ri_temporal_utilization,Q_recovery_GWh_yr,CO2_avoided_tons_yr,equiv_cars_off_road,emission_factor_used
Hyperscale_LC + MidT_90C,Hyperscale_LC,MidT_90C,continuous,8760.0,0.5896,126.54,34925.0,7592.4,"0.276 (gas natural, EU EEA 2024)"
Hyperscale_LC + LowT_60C,Hyperscale_LC,LowT_60C,2shift,2500.0,0.691,42.3237,11681.4,2539.4,"0.276 (gas natural, EU EEA 2024)"
Hyperscale_LC + HighT_130C,Hyperscale_LC,HighT_130C,2shift,2500.0,0.4346,26.6193,7346.9,1597.2,"0.276 (gas natural, EU EEA 2024)"
Mid_LC + MidT_90C,Mid_LC,MidT_90C,continuous,8760.0,0.5956,16.195,4469.8,971.7,"0.276 (gas natural, EU EEA 2024)"
Mid_LC + LowT_60C,Mid_LC,LowT_60C,2shift,2500.0,0.6966,5.4056,1492.0,324.3,"0.276 (gas natural, EU EEA 2024)"
Mid_LC + HighT_130C,Mid_LC,HighT_130C,2shift,2500.0,0.4406,3.4191,943.7,205.1,"0.276 (gas natural, EU EEA 2024)"
Edge_LC + MidT_90C,Edge_LC,MidT_90C,continuous,8760.0,0.5956,2.4783,684.0,148.7,"0.276 (gas natural, EU EEA 2024)"
Edge_LC + LowT_60C,Edge_LC,LowT_60C,2shift,2500.0,0.6966,0.8272,228.3,49.6,"0.276 (gas natural, EU EEA 2024)"
Edge_LC + HighT_130C,Edge_LC,HighT_130C,2shift,2500.0,0.4406,0.5232,144.4,31.4,"0.276 (gas natural, EU EEA 2024)"
