dc_name,process_name,delta_beta_pct,delta_gamma_pct,delta_delta_pct,beta,gamma,delta,is_match_score
Edge_LC,HighT_130C,-20,-20,-20,0.32,0.32,0.16,0.3184
Edge_LC,LowT_60C,-20,-20,-20,0.32,0.32,0.16,0.4491
Edge_LC,MidT_90C,-20,-20,-20,0.32,0.32,0.16,0.3817
Mid_LC,HighT_130C,-20,-20,-20,0.32,0.32,0.16,0.3184
Mid_LC,LowT_60C,-20,-20,-20,0.32,0.32,0.16,0.4491
Mid_LC,MidT_90C,-20,-20,-20,0.32,0.32,0.16,0.3817
Hyperscale_LC,HighT_130C,-20,-20,-20,0.32,0.32,0.16,0.3183
Hyperscale_LC,LowT_60C,-20,-20,-20,0.32,0.32,0.16,0.4489
Hyperscale_LC,MidT_90C,-20,-20,-20,0.32,0.32,0.16,0.3816
Edge_LC,HighT_130C,-20,-20,-10,0.32,0.32,0.18,0.3069
Edge_LC,LowT_60C,-20,-20,-10,0.32,0.32,0.18,0.4441
Edge_LC,MidT_90C,-20,-20,-10,0.32,0.32,0.18,0.3732
Mid_LC,HighT_130C,-20,-20,-10,0.32,0.32,0.18,0.3069
Mid_LC,LowT_60C,-20,-20,-10,0.32,0.32,0.18,0.4441
Mid_LC,MidT_90C,-20,-20,-10,0.32,0.32,0.18,0.3732
Hyperscale_LC,HighT_130C,-20,-20,-10,0.32,0.32,0.18,0.3067
Hyperscale_LC,LowT_60C,-20,-20,-10,0.32,0.32,0.18,0.4439
Hyperscale_LC,MidT_90C,-20,-20,-10,0.32,0.32,0.18,0.3732
Edge_LC,HighT_130C,-20,-20,0,0.32,0.32,0.2,0.2954
Edge_LC,LowT_60C,-20,-20,0,0.32,0.32,0.2,0.4391
Edge_LC,MidT_90C,-20,-20,0,0.32,0.32,0.2,0.3648
Mid_LC,HighT_130C,-20,-20,0,0.32,0.32,0.2,0.2954
Mid_LC,LowT_60C,-20,-20,0,0.32,0.32,0.2,0.4391
Mid_LC,MidT_90C,-20,-20,0,0.32,0.32,0.2,0.3648
Hyperscale_LC,HighT_130C,-20,-20,0,0.32,0.32,0.2,0.2952
Hyperscale_LC,LowT_60C,-20,-20,0,0.32,0.32,0.2,0.4389
Hyperscale_LC,MidT_90C,-20,-20,0,0.32,0.32,0.2,0.3647
Edge_LC,HighT_130C,-20,-20,10,0.32,0.32,0.22,0.2838
Edge_LC,LowT_60C,-20,-20,10,0.32,0.32,0.22,0.4341
Edge_LC,MidT_90C,-20,-20,10,0.32,0.32,0.22,0.3563
Mid_LC,HighT_130C,-20,-20,10,0.32,0.32,0.22,0.2838
Mid_LC,LowT_60C,-20,-20,10,0.32,0.32,0.22,0.4341
Mid_LC,MidT_90C,-20,-20,10,0.32,0.32,0.22,0.3563
Hyperscale_LC,HighT_130C,-20,-20,10,0.32,0.32,0.22,0.2837
Hyperscale_LC,LowT_60C,-20,-20,10,0.32,0.32,0.22,0.4339
Hyperscale_LC,MidT_90C,-20,-20,10,0.32,0.32,0.22,0.3563
Edge_LC,HighT_130C,-20,-20,20,0.32,0.32,0.24,0.2723
Edge_LC,LowT_60C,-20,-20,20,0.32,0.32,0.24,0.4291
Edge_LC,MidT_90C,-20,-20,20,0.32,0.32,0.24,0.3478
Mid_LC,HighT_130C,-20,-20,20,0.32,0.32,0.24,0.2723
Mid_LC,LowT_60C,-20,-20,20,0.32,0.32,0.24,0.4291
Mid_LC,MidT_90C,-20,-20,20,0.32,0.32,0.24,0.3478
Hyperscale_LC,HighT_130C,-20,-20,20,0.32,0.32,0.24,0.2721
Hyperscale_LC,LowT_60C,-20,-20,20,0.32,0.32,0.24,0.4289
Hyperscale_LC,MidT_90C,-20,-20,20,0.32,0.32,0.24,0.3478
Edge_LC,HighT_130C,-20,-10,-20,0.32,0.36,0.16,0.3486
Edge_LC,LowT_60C,-20,-10,-20,0.32,0.36,0.16,0.4792
Edge_LC,MidT_90C,-20,-10,-20,0.32,0.36,0.16,0.4118
Mid_LC,HighT_130C,-20,-10,-20,0.32,0.36,0.16,0.3486
Mid_LC,LowT_60C,-20,-10,-20,0.32,0.36,0.16,0.4792
Mid_LC,MidT_90C,-20,-10,-20,0.32,0.36,0.16,0.4118
Hyperscale_LC,HighT_130C,-20,-10,-20,0.32,0.36,0.16,0.3486
Hyperscale_LC,LowT_60C,-20,-10,-20,0.32,0.36,0.16,0.4793
Hyperscale_LC,MidT_90C,-20,-10,-20,0.32,0.36,0.16,0.412
Edge_LC,HighT_130C,-20,-10,-10,0.32,0.36,0.18,0.337
Edge_LC,LowT_60C,-20,-10,-10,0.32,0.36,0.18,0.4742
Edge_LC,MidT_90C,-20,-10,-10,0.32,0.36,0.18,0.4034
Mid_LC,HighT_130C,-20,-10,-10,0.32,0.36,0.18,0.337
Mid_LC,LowT_60C,-20,-10,-10,0.32,0.36,0.18,0.4742
Mid_LC,MidT_90C,-20,-10,-10,0.32,0.36,0.18,0.4034
Hyperscale_LC,HighT_130C,-20,-10,-10,0.32,0.36,0.18,0.3371
Hyperscale_LC,LowT_60C,-20,-10,-10,0.32,0.36,0.18,0.4743
Hyperscale_LC,MidT_90C,-20,-10,-10,0.32,0.36,0.18,0.4035
Edge_LC,HighT_130C,-20,-10,0,0.32,0.36,0.2,0.3255
Edge_LC,LowT_60C,-20,-10,0,0.32,0.36,0.2,0.4692
Edge_LC,MidT_90C,-20,-10,0,0.32,0.36,0.2,0.3949
Mid_LC,HighT_130C,-20,-10,0,0.32,0.36,0.2,0.3255
Mid_LC,LowT_60C,-20,-10,0,0.32,0.36,0.2,0.4692
Mid_LC,MidT_90C,-20,-10,0,0.32,0.36,0.2,0.3949
Hyperscale_LC,HighT_130C,-20,-10,0,0.32,0.36,0.2,0.3255
Hyperscale_LC,LowT_60C,-20,-10,0,0.32,0.36,0.2,0.4693
Hyperscale_LC,MidT_90C,-20,-10,0,0.32,0.36,0.2,0.395
Edge_LC,HighT_130C,-20,-10,10,0.32,0.36,0.22,0.314
Edge_LC,LowT_60C,-20,-10,10,0.32,0.36,0.22,0.4642
Edge_LC,MidT_90C,-20,-10,10,0.32,0.36,0.22,0.3864
Mid_LC,HighT_130C,-20,-10,10,0.32,0.36,0.22,0.314
Mid_LC,LowT_60C,-20,-10,10,0.32,0.36,0.22,0.4642
Mid_LC,MidT_90C,-20,-10,10,0.32,0.36,0.22,0.3864
Hyperscale_LC,HighT_130C,-20,-10,10,0.32,0.36,0.22,0.314
Hyperscale_LC,LowT_60C,-20,-10,10,0.32,0.36,0.22,0.4643
Hyperscale_LC,MidT_90C,-20,-10,10,0.32,0.36,0.22,0.3866
Edge_LC,HighT_130C,-20,-10,20,0.32,0.36,0.24,0.3024
Edge_LC,LowT_60C,-20,-10,20,0.32,0.36,0.24,0.4592
Edge_LC,MidT_90C,-20,-10,20,0.32,0.36,0.24,0.378
Mid_LC,HighT_130C,-20,-10,20,0.32,0.36,0.24,0.3024
Mid_LC,LowT_60C,-20,-10,20,0.32,0.36,0.24,0.4592
Mid_LC,MidT_90C,-20,-10,20,0.32,0.36,0.24,0.378
Hyperscale_LC,HighT_130C,-20,-10,20,0.32,0.36,0.24,0.3025
Hyperscale_LC,LowT_60C,-20,-10,20,0.32,0.36,0.24,0.4593
Hyperscale_LC,MidT_90C,-20,-10,20,0.32,0.36,0.24,0.3781
Edge_LC,HighT_130C,-20,0,-20,0.32,0.4,0.16,0.3787
Edge_LC,LowT_60C,-20,0,-20,0.32,0.4,0.16,0.5094
Edge_LC,MidT_90C,-20,0,-20,0.32,0.4,0.16,0.4419
Mid_LC,HighT_130C,-20,0,-20,0.32,0.4,0.16,0.3787
Mid_LC,LowT_60C,-20,0,-20,0.32,0.4,0.16,0.5094
Mid_LC,MidT_90C,-20,0,-20,0.32,0.4,0.16,0.4419
Hyperscale_LC,HighT_130C,-20,0,-20,0.32,0.4,0.16,0.3789
Hyperscale_LC,LowT_60C,-20,0,-20,0.32,0.4,0.16,0.5096
Hyperscale_LC,MidT_90C,-20,0,-20,0.32,0.4,0.16,0.4423
Edge_LC,HighT_130C,-20,0,-10,0.32,0.4,0.18,0.3671
Edge_LC,LowT_60C,-20,0,-10,0.32,0.4,0.18,0.5044
Edge_LC,MidT_90C,-20,0,-10,0.32,0.4,0.18,0.4335
Mid_LC,HighT_130C,-20,0,-10,0.32,0.4,0.18,0.3671
Mid_LC,LowT_60C,-20,0,-10,0.32,0.4,0.18,0.5044
Mid_LC,MidT_90C,-20,0,-10,0.32,0.4,0.18,0.4335
Hyperscale_LC,HighT_130C,-20,0,-10,0.32,0.4,0.18,0.3674
Hyperscale_LC,LowT_60C,-20,0,-10,0.32,0.4,0.18,0.5046
Hyperscale_LC,MidT_90C,-20,0,-10,0.32,0.4,0.18,0.4338
Edge_LC,HighT_130C,-20,0,0,0.32,0.4,0.2,0.3556
Edge_LC,LowT_60C,-20,0,0,0.32,0.4,0.2,0.4994
Edge_LC,MidT_90C,-20,0,0,0.32,0.4,0.2,0.425
Mid_LC,HighT_130C,-20,0,0,0.32,0.4,0.2,0.3556
Mid_LC,LowT_60C,-20,0,0,0.32,0.4,0.2,0.4994
Mid_LC,MidT_90C,-20,0,0,0.32,0.4,0.2,0.425
Hyperscale_LC,HighT_130C,-20,0,0,0.32,0.4,0.2,0.3559
Hyperscale_LC,LowT_60C,-20,0,0,0.32,0.4,0.2,0.4996
Hyperscale_LC,MidT_90C,-20,0,0,0.32,0.4,0.2,0.4254
Edge_LC,HighT_130C,-20,0,10,0.32,0.4,0.22,0.3441
Edge_LC,LowT_60C,-20,0,10,0.32,0.4,0.22,0.4944
Edge_LC,MidT_90C,-20,0,10,0.32,0.4,0.22,0.4165
Mid_LC,HighT_130C,-20,0,10,0.32,0.4,0.22,0.3441
Mid_LC,LowT_60C,-20,0,10,0.32,0.4,0.22,0.4944
Mid_LC,MidT_90C,-20,0,10,0.32,0.4,0.22,0.4165
Hyperscale_LC,HighT_130C,-20,0,10,0.32,0.4,0.22,0.3443
Hyperscale_LC,LowT_60C,-20,0,10,0.32,0.4,0.22,0.4946
Hyperscale_LC,MidT_90C,-20,0,10,0.32,0.4,0.22,0.4169
Edge_LC,HighT_130C,-20,0,20,0.32,0.4,0.24,0.3325
Edge_LC,LowT_60C,-20,0,20,0.32,0.4,0.24,0.4894
Edge_LC,MidT_90C,-20,0,20,0.32,0.4,0.24,0.4081
Mid_LC,HighT_130C,-20,0,20,0.32,0.4,0.24,0.3325
Mid_LC,LowT_60C,-20,0,20,0.32,0.4,0.24,0.4894
Mid_LC,MidT_90C,-20,0,20,0.32,0.4,0.24,0.4081
Hyperscale_LC,HighT_130C,-20,0,20,0.32,0.4,0.24,0.3328
Hyperscale_LC,LowT_60C,-20,0,20,0.32,0.4,0.24,0.4896
Hyperscale_LC,MidT_90C,-20,0,20,0.32,0.4,0.24,0.4084
Edge_LC,HighT_130C,-20,10,-20,0.32,0.44,0.16,0.4088
Edge_LC,LowT_60C,-20,10,-20,0.32,0.44,0.16,0.5395
Edge_LC,MidT_90C,-20,10,-20,0.32,0.44,0.16,0.4721
Mid_LC,HighT_130C,-20,10,-20,0.32,0.44,0.16,0.4088
Mid_LC,LowT_60C,-20,10,-20,0.32,0.44,0.16,0.5395
Mid_LC,MidT_90C,-20,10,-20,0.32,0.44,0.16,0.4721
Hyperscale_LC,HighT_130C,-20,10,-20,0.32,0.44,0.16,0.4093
Hyperscale_LC,LowT_60C,-20,10,-20,0.32,0.44,0.16,0.5399
Hyperscale_LC,MidT_90C,-20,10,-20,0.32,0.44,0.16,0.4726
Edge_LC,HighT_130C,-20,10,-10,0.32,0.44,0.18,0.3973
Edge_LC,LowT_60C,-20,10,-10,0.32,0.44,0.18,0.5345
Edge_LC,MidT_90C,-20,10,-10,0.32,0.44,0.18,0.4636
Mid_LC,HighT_130C,-20,10,-10,0.32,0.44,0.18,0.3973
Mid_LC,LowT_60C,-20,10,-10,0.32,0.44,0.18,0.5345
Mid_LC,MidT_90C,-20,10,-10,0.32,0.44,0.18,0.4636
Hyperscale_LC,HighT_130C,-20,10,-10,0.32,0.44,0.18,0.3977
Hyperscale_LC,LowT_60C,-20,10,-10,0.32,0.44,0.18,0.5349
Hyperscale_LC,MidT_90C,-20,10,-10,0.32,0.44,0.18,0.4642
Edge_LC,HighT_130C,-20,10,0,0.32,0.44,0.2,0.3857
Edge_LC,LowT_60C,-20,10,0,0.32,0.44,0.2,0.5295
Edge_LC,MidT_90C,-20,10,0,0.32,0.44,0.2,0.4551
Mid_LC,HighT_130C,-20,10,0,0.32,0.44,0.2,0.3857
Mid_LC,LowT_60C,-20,10,0,0.32,0.44,0.2,0.5295
Mid_LC,MidT_90C,-20,10,0,0.32,0.44,0.2,0.4551
Hyperscale_LC,HighT_130C,-20,10,0,0.32,0.44,0.2,0.3862
Hyperscale_LC,LowT_60C,-20,10,0,0.32,0.44,0.2,0.5299
Hyperscale_LC,MidT_90C,-20,10,0,0.32,0.44,0.2,0.4557
Edge_LC,HighT_130C,-20,10,10,0.32,0.44,0.22,0.3742
Edge_LC,LowT_60C,-20,10,10,0.32,0.44,0.22,0.5245
Edge_LC,MidT_90C,-20,10,10,0.32,0.44,0.22,0.4467
Mid_LC,HighT_130C,-20,10,10,0.32,0.44,0.22,0.3742
Mid_LC,LowT_60C,-20,10,10,0.32,0.44,0.22,0.5245
Mid_LC,MidT_90C,-20,10,10,0.32,0.44,0.22,0.4467
Hyperscale_LC,HighT_130C,-20,10,10,0.32,0.44,0.22,0.3747
Hyperscale_LC,LowT_60C,-20,10,10,0.32,0.44,0.22,0.5249
Hyperscale_LC,MidT_90C,-20,10,10,0.32,0.44,0.22,0.4472
Edge_LC,HighT_130C,-20,10,20,0.32,0.44,0.24,0.3627
Edge_LC,LowT_60C,-20,10,20,0.32,0.44,0.24,0.5195
Edge_LC,MidT_90C,-20,10,20,0.32,0.44,0.24,0.4382
Mid_LC,HighT_130C,-20,10,20,0.32,0.44,0.24,0.3627
Mid_LC,LowT_60C,-20,10,20,0.32,0.44,0.24,0.5195
Mid_LC,MidT_90C,-20,10,20,0.32,0.44,0.24,0.4382
Hyperscale_LC,HighT_130C,-20,10,20,0.32,0.44,0.24,0.3631
Hyperscale_LC,LowT_60C,-20,10,20,0.32,0.44,0.24,0.5199
Hyperscale_LC,MidT_90C,-20,10,20,0.32,0.44,0.24,0.4388
Edge_LC,HighT_130C,-20,20,-20,0.32,0.48,0.16,0.4389
Edge_LC,LowT_60C,-20,20,-20,0.32,0.48,0.16,0.5696
Edge_LC,MidT_90C,-20,20,-20,0.32,0.48,0.16,0.5022
Mid_LC,HighT_130C,-20,20,-20,0.32,0.48,0.16,0.4389
Mid_LC,LowT_60C,-20,20,-20,0.32,0.48,0.16,0.5696
Mid_LC,MidT_90C,-20,20,-20,0.32,0.48,0.16,0.5022
Hyperscale_LC,HighT_130C,-20,20,-20,0.32,0.48,0.16,0.4396
Hyperscale_LC,LowT_60C,-20,20,-20,0.32,0.48,0.16,0.5703
Hyperscale_LC,MidT_90C,-20,20,-20,0.32,0.48,0.16,0.503
Edge_LC,HighT_130C,-20,20,-10,0.32,0.48,0.18,0.4274
Edge_LC,LowT_60C,-20,20,-10,0.32,0.48,0.18,0.5646
Edge_LC,MidT_90C,-20,20,-10,0.32,0.48,0.18,0.4937
Mid_LC,HighT_130C,-20,20,-10,0.32,0.48,0.18,0.4274
Mid_LC,LowT_60C,-20,20,-10,0.32,0.48,0.18,0.5646
Mid_LC,MidT_90C,-20,20,-10,0.32,0.48,0.18,0.4937
Hyperscale_LC,HighT_130C,-20,20,-10,0.32,0.48,0.18,0.428
Hyperscale_LC,LowT_60C,-20,20,-10,0.32,0.48,0.18,0.5653
Hyperscale_LC,MidT_90C,-20,20,-10,0.32,0.48,0.18,0.4945
Edge_LC,HighT_130C,-20,20,0,0.32,0.48,0.2,0.4158
Edge_LC,LowT_60C,-20,20,0,0.32,0.48,0.2,0.5596
Edge_LC,MidT_90C,-20,20,0,0.32,0.48,0.2,0.4852
Mid_LC,HighT_130C,-20,20,0,0.32,0.48,0.2,0.4158
Mid_LC,LowT_60C,-20,20,0,0.32,0.48,0.2,0.5596
Mid_LC,MidT_90C,-20,20,0,0.32,0.48,0.2,0.4852
Hyperscale_LC,HighT_130C,-20,20,0,0.32,0.48,0.2,0.4165
Hyperscale_LC,LowT_60C,-20,20,0,0.32,0.48,0.2,0.5603
Hyperscale_LC,MidT_90C,-20,20,0,0.32,0.48,0.2,0.486
Edge_LC,HighT_130C,-20,20,10,0.32,0.48,0.22,0.4043
Edge_LC,LowT_60C,-20,20,10,0.32,0.48,0.22,0.5546
Edge_LC,MidT_90C,-20,20,10,0.32,0.48,0.22,0.4768
Mid_LC,HighT_130C,-20,20,10,0.32,0.48,0.22,0.4043
Mid_LC,LowT_60C,-20,20,10,0.32,0.48,0.22,0.5546
Mid_LC,MidT_90C,-20,20,10,0.32,0.48,0.22,0.4768
Hyperscale_LC,HighT_130C,-20,20,10,0.32,0.48,0.22,0.405
Hyperscale_LC,LowT_60C,-20,20,10,0.32,0.48,0.22,0.5553
Hyperscale_LC,MidT_90C,-20,20,10,0.32,0.48,0.22,0.4776
Edge_LC,HighT_130C,-20,20,20,0.32,0.48,0.24,0.3928
Edge_LC,LowT_60C,-20,20,20,0.32,0.48,0.24,0.5496
Edge_LC,MidT_90C,-20,20,20,0.32,0.48,0.24,0.4683
Mid_LC,HighT_130C,-20,20,20,0.32,0.48,0.24,0.3928
Mid_LC,LowT_60C,-20,20,20,0.32,0.48,0.24,0.5496
Mid_LC,MidT_90C,-20,20,20,0.32,0.48,0.24,0.4683
Hyperscale_LC,HighT_130C,-20,20,20,0.32,0.48,0.24,0.3934
Hyperscale_LC,LowT_60C,-20,20,20,0.32,0.48,0.24,0.5503
Hyperscale_LC,MidT_90C,-20,20,20,0.32,0.48,0.24,0.4691
Edge_LC,HighT_130C,-10,-20,-20,0.36,0.32,0.16,0.3397
Edge_LC,LowT_60C,-10,-20,-20,0.36,0.32,0.16,0.4801
Edge_LC,MidT_90C,-10,-20,-20,0.36,0.32,0.16,0.4078
Mid_LC,HighT_130C,-10,-20,-20,0.36,0.32,0.16,0.3397
Mid_LC,LowT_60C,-10,-20,-20,0.36,0.32,0.16,0.4801
Mid_LC,MidT_90C,-10,-20,-20,0.36,0.32,0.16,0.4078
Hyperscale_LC,HighT_130C,-10,-20,-20,0.36,0.32,0.16,0.3392
Hyperscale_LC,LowT_60C,-10,-20,-20,0.36,0.32,0.16,0.4797
Hyperscale_LC,MidT_90C,-10,-20,-20,0.36,0.32,0.16,0.4075
Edge_LC,HighT_130C,-10,-20,-10,0.36,0.32,0.18,0.3281
Edge_LC,LowT_60C,-10,-20,-10,0.36,0.32,0.18,0.4751
Edge_LC,MidT_90C,-10,-20,-10,0.36,0.32,0.18,0.3993
Mid_LC,HighT_130C,-10,-20,-10,0.36,0.32,0.18,0.3281
Mid_LC,LowT_60C,-10,-20,-10,0.36,0.32,0.18,0.4751
Mid_LC,MidT_90C,-10,-20,-10,0.36,0.32,0.18,0.3993
Hyperscale_LC,HighT_130C,-10,-20,-10,0.36,0.32,0.18,0.3277
Hyperscale_LC,LowT_60C,-10,-20,-10,0.36,0.32,0.18,0.4747
Hyperscale_LC,MidT_90C,-10,-20,-10,0.36,0.32,0.18,0.399
Edge_LC,HighT_130C,-10,-20,0,0.36,0.32,0.2,0.3166
Edge_LC,LowT_60C,-10,-20,0,0.36,0.32,0.2,0.4701
Edge_LC,MidT_90C,-10,-20,0,0.36,0.32,0.2,0.3908
Mid_LC,HighT_130C,-10,-20,0,0.36,0.32,0.2,0.3166
Mid_LC,LowT_60C,-10,-20,0,0.36,0.32,0.2,0.4701
Mid_LC,MidT_90C,-10,-20,0,0.36,0.32,0.2,0.3908
Hyperscale_LC,HighT_130C,-10,-20,0,0.36,0.32,0.2,0.3162
Hyperscale_LC,LowT_60C,-10,-20,0,0.36,0.32,0.2,0.4697
Hyperscale_LC,MidT_90C,-10,-20,0,0.36,0.32,0.2,0.3906
Edge_LC,HighT_130C,-10,-20,10,0.36,0.32,0.22,0.3051
Edge_LC,LowT_60C,-10,-20,10,0.36,0.32,0.22,0.4651
Edge_LC,MidT_90C,-10,-20,10,0.36,0.32,0.22,0.3824
Mid_LC,HighT_130C,-10,-20,10,0.36,0.32,0.22,0.3051
Mid_LC,LowT_60C,-10,-20,10,0.36,0.32,0.22,0.4651
Mid_LC,MidT_90C,-10,-20,10,0.36,0.32,0.22,0.3824
Hyperscale_LC,HighT_130C,-10,-20,10,0.36,0.32,0.22,0.3046
Hyperscale_LC,LowT_60C,-10,-20,10,0.36,0.32,0.22,0.4647
Hyperscale_LC,MidT_90C,-10,-20,10,0.36,0.32,0.22,0.3821
Edge_LC,HighT_130C,-10,-20,20,0.36,0.32,0.24,0.2935
Edge_LC,LowT_60C,-10,-20,20,0.36,0.32,0.24,0.4601
Edge_LC,MidT_90C,-10,-20,20,0.36,0.32,0.24,0.3739
Mid_LC,HighT_130C,-10,-20,20,0.36,0.32,0.24,0.2935
Mid_LC,LowT_60C,-10,-20,20,0.36,0.32,0.24,0.4601
Mid_LC,MidT_90C,-10,-20,20,0.36,0.32,0.24,0.3739
Hyperscale_LC,HighT_130C,-10,-20,20,0.36,0.32,0.24,0.2931
Hyperscale_LC,LowT_60C,-10,-20,20,0.36,0.32,0.24,0.4597
Hyperscale_LC,MidT_90C,-10,-20,20,0.36,0.32,0.24,0.3736
Edge_LC,HighT_130C,-10,-10,-20,0.36,0.36,0.16,0.3698
Edge_LC,LowT_60C,-10,-10,-20,0.36,0.36,0.16,0.5103
Edge_LC,MidT_90C,-10,-10,-20,0.36,0.36,0.16,0.4379
Mid_LC,HighT_130C,-10,-10,-20,0.36,0.36,0.16,0.3698
Mid_LC,LowT_60C,-10,-10,-20,0.36,0.36,0.16,0.5103
Mid_LC,MidT_90C,-10,-10,-20,0.36,0.36,0.16,0.4379
Hyperscale_LC,HighT_130C,-10,-10,-20,0.36,0.36,0.16,0.3696
Hyperscale_LC,LowT_60C,-10,-10,-20,0.36,0.36,0.16,0.51
Hyperscale_LC,MidT_90C,-10,-10,-20,0.36,0.36,0.16,0.4378
Edge_LC,HighT_130C,-10,-10,-10,0.36,0.36,0.18,0.3583
Edge_LC,LowT_60C,-10,-10,-10,0.36,0.36,0.18,0.5053
Edge_LC,MidT_90C,-10,-10,-10,0.36,0.36,0.18,0.4294
Mid_LC,HighT_130C,-10,-10,-10,0.36,0.36,0.18,0.3583
Mid_LC,LowT_60C,-10,-10,-10,0.36,0.36,0.18,0.5053
Mid_LC,MidT_90C,-10,-10,-10,0.36,0.36,0.18,0.4294
Hyperscale_LC,HighT_130C,-10,-10,-10,0.36,0.36,0.18,0.358
Hyperscale_LC,LowT_60C,-10,-10,-10,0.36,0.36,0.18,0.505
Hyperscale_LC,MidT_90C,-10,-10,-10,0.36,0.36,0.18,0.4294
Edge_LC,HighT_130C,-10,-10,0,0.36,0.36,0.2,0.3467
Edge_LC,LowT_60C,-10,-10,0,0.36,0.36,0.2,0.5003
Edge_LC,MidT_90C,-10,-10,0,0.36,0.36,0.2,0.421
Mid_LC,HighT_130C,-10,-10,0,0.36,0.36,0.2,0.3467
Mid_LC,LowT_60C,-10,-10,0,0.36,0.36,0.2,0.5003
Mid_LC,MidT_90C,-10,-10,0,0.36,0.36,0.2,0.421
Hyperscale_LC,HighT_130C,-10,-10,0,0.36,0.36,0.2,0.3465
Hyperscale_LC,LowT_60C,-10,-10,0,0.36,0.36,0.2,0.5
Hyperscale_LC,MidT_90C,-10,-10,0,0.36,0.36,0.2,0.4209
Edge_LC,HighT_130C,-10,-10,10,0.36,0.36,0.22,0.3352
Edge_LC,LowT_60C,-10,-10,10,0.36,0.36,0.22,0.4953
Edge_LC,MidT_90C,-10,-10,10,0.36,0.36,0.22,0.4125
Mid_LC,HighT_130C,-10,-10,10,0.36,0.36,0.22,0.3352
Mid_LC,LowT_60C,-10,-10,10,0.36,0.36,0.22,0.4953
Mid_LC,MidT_90C,-10,-10,10,0.36,0.36,0.22,0.4125
Hyperscale_LC,HighT_130C,-10,-10,10,0.36,0.36,0.22,0.335
Hyperscale_LC,LowT_60C,-10,-10,10,0.36,0.36,0.22,0.495
Hyperscale_LC,MidT_90C,-10,-10,10,0.36,0.36,0.22,0.4124
Edge_LC,HighT_130C,-10,-10,20,0.36,0.36,0.24,0.3237
Edge_LC,LowT_60C,-10,-10,20,0.36,0.36,0.24,0.4903
Edge_LC,MidT_90C,-10,-10,20,0.36,0.36,0.24,0.404
Mid_LC,HighT_130C,-10,-10,20,0.36,0.36,0.24,0.3237
Mid_LC,LowT_60C,-10,-10,20,0.36,0.36,0.24,0.4903
Mid_LC,MidT_90C,-10,-10,20,0.36,0.36,0.24,0.404
Hyperscale_LC,HighT_130C,-10,-10,20,0.36,0.36,0.24,0.3234
Hyperscale_LC,LowT_60C,-10,-10,20,0.36,0.36,0.24,0.49
Hyperscale_LC,MidT_90C,-10,-10,20,0.36,0.36,0.24,0.404
Edge_LC,HighT_130C,-10,0,-20,0.36,0.4,0.16,0.3999
Edge_LC,LowT_60C,-10,0,-20,0.36,0.4,0.16,0.5404
Edge_LC,MidT_90C,-10,0,-20,0.36,0.4,0.16,0.468
Mid_LC,HighT_130C,-10,0,-20,0.36,0.4,0.16,0.3999
Mid_LC,LowT_60C,-10,0,-20,0.36,0.4,0.16,0.5404
Mid_LC,MidT_90C,-10,0,-20,0.36,0.4,0.16,0.468
Hyperscale_LC,HighT_130C,-10,0,-20,0.36,0.4,0.16,0.3999
Hyperscale_LC,LowT_60C,-10,0,-20,0.36,0.4,0.16,0.5404
Hyperscale_LC,MidT_90C,-10,0,-20,0.36,0.4,0.16,0.4682
Edge_LC,HighT_130C,-10,0,-10,0.36,0.4,0.18,0.3884
Edge_LC,LowT_60C,-10,0,-10,0.36,0.4,0.18,0.5354
Edge_LC,MidT_90C,-10,0,-10,0.36,0.4,0.18,0.4595
Mid_LC,HighT_130C,-10,0,-10,0.36,0.4,0.18,0.3884
Mid_LC,LowT_60C,-10,0,-10,0.36,0.4,0.18,0.5354
Mid_LC,MidT_90C,-10,0,-10,0.36,0.4,0.18,0.4595
Hyperscale_LC,HighT_130C,-10,0,-10,0.36,0.4,0.18,0.3884
Hyperscale_LC,LowT_60C,-10,0,-10,0.36,0.4,0.18,0.5354
Hyperscale_LC,MidT_90C,-10,0,-10,0.36,0.4,0.18,0.4597
Edge_LC,HighT_130C,-10,0,0,0.36,0.4,0.2,0.3768
Edge_LC,LowT_60C,-10,0,0,0.36,0.4,0.2,0.5304
Edge_LC,MidT_90C,-10,0,0,0.36,0.4,0.2,0.4511
Mid_LC,HighT_130C,-10,0,0,0.36,0.4,0.2,0.3768
Mid_LC,LowT_60C,-10,0,0,0.36,0.4,0.2,0.5304
Mid_LC,MidT_90C,-10,0,0,0.36,0.4,0.2,0.4511
Hyperscale_LC,HighT_130C,-10,0,0,0.36,0.4,0.2,0.3768
Hyperscale_LC,LowT_60C,-10,0,0,0.36,0.4,0.2,0.5304
Hyperscale_LC,MidT_90C,-10,0,0,0.36,0.4,0.2,0.4512
Edge_LC,HighT_130C,-10,0,10,0.36,0.4,0.22,0.3653
Edge_LC,LowT_60C,-10,0,10,0.36,0.4,0.22,0.5254
Edge_LC,MidT_90C,-10,0,10,0.36,0.4,0.22,0.4426
Mid_LC,HighT_130C,-10,0,10,0.36,0.4,0.22,0.3653
Mid_LC,LowT_60C,-10,0,10,0.36,0.4,0.22,0.5254
Mid_LC,MidT_90C,-10,0,10,0.36,0.4,0.22,0.4426
Hyperscale_LC,HighT_130C,-10,0,10,0.36,0.4,0.22,0.3653
Hyperscale_LC,LowT_60C,-10,0,10,0.36,0.4,0.22,0.5254
Hyperscale_LC,MidT_90C,-10,0,10,0.36,0.4,0.22,0.4428
Edge_LC,HighT_130C,-10,0,20,0.36,0.4,0.24,0.3538
Edge_LC,LowT_60C,-10,0,20,0.36,0.4,0.24,0.5204
Edge_LC,MidT_90C,-10,0,20,0.36,0.4,0.24,0.4341
Mid_LC,HighT_130C,-10,0,20,0.36,0.4,0.24,0.3538
Mid_LC,LowT_60C,-10,0,20,0.36,0.4,0.24,0.5204
Mid_LC,MidT_90C,-10,0,20,0.36,0.4,0.24,0.4341
Hyperscale_LC,HighT_130C,-10,0,20,0.36,0.4,0.24,0.3538
Hyperscale_LC,LowT_60C,-10,0,20,0.36,0.4,0.24,0.5204
Hyperscale_LC,MidT_90C,-10,0,20,0.36,0.4,0.24,0.4343
Edge_LC,HighT_130C,-10,10,-20,0.36,0.44,0.16,0.43
Edge_LC,LowT_60C,-10,10,-20,0.36,0.44,0.16,0.5705
Edge_LC,MidT_90C,-10,10,-20,0.36,0.44,0.16,0.4981
Mid_LC,HighT_130C,-10,10,-20,0.36,0.44,0.16,0.43
Mid_LC,LowT_60C,-10,10,-20,0.36,0.44,0.16,0.5705
Mid_LC,MidT_90C,-10,10,-20,0.36,0.44,0.16,0.4981
Hyperscale_LC,HighT_130C,-10,10,-20,0.36,0.44,0.16,0.4302
Hyperscale_LC,LowT_60C,-10,10,-20,0.36,0.44,0.16,0.5707
Hyperscale_LC,MidT_90C,-10,10,-20,0.36,0.44,0.16,0.4985
Edge_LC,HighT_130C,-10,10,-10,0.36,0.44,0.18,0.4185
Edge_LC,LowT_60C,-10,10,-10,0.36,0.44,0.18,0.5655
Edge_LC,MidT_90C,-10,10,-10,0.36,0.44,0.18,0.4897
Mid_LC,HighT_130C,-10,10,-10,0.36,0.44,0.18,0.4185
Mid_LC,LowT_60C,-10,10,-10,0.36,0.44,0.18,0.5655
Mid_LC,MidT_90C,-10,10,-10,0.36,0.44,0.18,0.4897
Hyperscale_LC,HighT_130C,-10,10,-10,0.36,0.44,0.18,0.4187
Hyperscale_LC,LowT_60C,-10,10,-10,0.36,0.44,0.18,0.5657
Hyperscale_LC,MidT_90C,-10,10,-10,0.36,0.44,0.18,0.49
Edge_LC,HighT_130C,-10,10,0,0.36,0.44,0.2,0.407
Edge_LC,LowT_60C,-10,10,0,0.36,0.44,0.2,0.5605
Edge_LC,MidT_90C,-10,10,0,0.36,0.44,0.2,0.4812
Mid_LC,HighT_130C,-10,10,0,0.36,0.44,0.2,0.407
Mid_LC,LowT_60C,-10,10,0,0.36,0.44,0.2,0.5605
Mid_LC,MidT_90C,-10,10,0,0.36,0.44,0.2,0.4812
Hyperscale_LC,HighT_130C,-10,10,0,0.36,0.44,0.2,0.4072
Hyperscale_LC,LowT_60C,-10,10,0,0.36,0.44,0.2,0.5607
Hyperscale_LC,MidT_90C,-10,10,0,0.36,0.44,0.2,0.4816
Edge_LC,HighT_130C,-10,10,10,0.36,0.44,0.22,0.3954
Edge_LC,LowT_60C,-10,10,10,0.36,0.44,0.22,0.5555
Edge_LC,MidT_90C,-10,10,10,0.36,0.44,0.22,0.4727
Mid_LC,HighT_130C,-10,10,10,0.36,0.44,0.22,0.3954
Mid_LC,LowT_60C,-10,10,10,0.36,0.44,0.22,0.5555
Mid_LC,MidT_90C,-10,10,10,0.36,0.44,0.22,0.4727
Hyperscale_LC,HighT_130C,-10,10,10,0.36,0.44,0.22,0.3956
Hyperscale_LC,LowT_60C,-10,10,10,0.36,0.44,0.22,0.5557
Hyperscale_LC,MidT_90C,-10,10,10,0.36,0.44,0.22,0.4731
Edge_LC,HighT_130C,-10,10,20,0.36,0.44,0.24,0.3839
Edge_LC,LowT_60C,-10,10,20,0.36,0.44,0.24,0.5505
Edge_LC,MidT_90C,-10,10,20,0.36,0.44,0.24,0.4643
Mid_LC,HighT_130C,-10,10,20,0.36,0.44,0.24,0.3839
Mid_LC,LowT_60C,-10,10,20,0.36,0.44,0.24,0.5505
Mid_LC,MidT_90C,-10,10,20,0.36,0.44,0.24,0.4643
Hyperscale_LC,HighT_130C,-10,10,20,0.36,0.44,0.24,0.3841
Hyperscale_LC,LowT_60C,-10,10,20,0.36,0.44,0.24,0.5507
Hyperscale_LC,MidT_90C,-10,10,20,0.36,0.44,0.24,0.4646
Edge_LC,HighT_130C,-10,20,-20,0.36,0.48,0.16,0.4601
Edge_LC,LowT_60C,-10,20,-20,0.36,0.48,0.16,0.6006
Edge_LC,MidT_90C,-10,20,-20,0.36,0.48,0.16,0.5282
Mid_LC,HighT_130C,-10,20,-20,0.36,0.48,0.16,0.4601
Mid_LC,LowT_60C,-10,20,-20,0.36,0.48,0.16,0.6006
Mid_LC,MidT_90C,-10,20,-20,0.36,0.48,0.16,0.5282
Hyperscale_LC,HighT_130C,-10,20,-20,0.36,0.48,0.16,0.4606
Hyperscale_LC,LowT_60C,-10,20,-20,0.36,0.48,0.16,0.601
Hyperscale_LC,MidT_90C,-10,20,-20,0.36,0.48,0.16,0.5288
Edge_LC,HighT_130C,-10,20,-10,0.36,0.48,0.18,0.4486
Edge_LC,LowT_60C,-10,20,-10,0.36,0.48,0.18,0.5956
Edge_LC,MidT_90C,-10,20,-10,0.36,0.48,0.18,0.5198
Mid_LC,HighT_130C,-10,20,-10,0.36,0.48,0.18,0.4486
Mid_LC,LowT_60C,-10,20,-10,0.36,0.48,0.18,0.5956
Mid_LC,MidT_90C,-10,20,-10,0.36,0.48,0.18,0.5198
Hyperscale_LC,HighT_130C,-10,20,-10,0.36,0.48,0.18,0.449
Hyperscale_LC,LowT_60C,-10,20,-10,0.36,0.48,0.18,0.596
Hyperscale_LC,MidT_90C,-10,20,-10,0.36,0.48,0.18,0.5203
Edge_LC,HighT_130C,-10,20,0,0.36,0.48,0.2,0.4371
Edge_LC,LowT_60C,-10,20,0,0.36,0.48,0.2,0.5906
Edge_LC,MidT_90C,-10,20,0,0.36,0.48,0.2,0.5113
Mid_LC,HighT_130C,-10,20,0,0.36,0.48,0.2,0.4371
Mid_LC,LowT_60C,-10,20,0,0.36,0.48,0.2,0.5906
Mid_LC,MidT_90C,-10,20,0,0.36,0.48,0.2,0.5113
Hyperscale_LC,HighT_130C,-10,20,0,0.36,0.48,0.2,0.4375
Hyperscale_LC,LowT_60C,-10,20,0,0.36,0.48,0.2,0.591
Hyperscale_LC,MidT_90C,-10,20,0,0.36,0.48,0.2,0.5119
Edge_LC,HighT_130C,-10,20,10,0.36,0.48,0.22,0.4255
Edge_LC,LowT_60C,-10,20,10,0.36,0.48,0.22,0.5856
Edge_LC,MidT_90C,-10,20,10,0.36,0.48,0.22,0.5028
Mid_LC,HighT_130C,-10,20,10,0.36,0.48,0.22,0.4255
Mid_LC,LowT_60C,-10,20,10,0.36,0.48,0.22,0.5856
Mid_LC,MidT_90C,-10,20,10,0.36,0.48,0.22,0.5028
Hyperscale_LC,HighT_130C,-10,20,10,0.36,0.48,0.22,0.426
Hyperscale_LC,LowT_60C,-10,20,10,0.36,0.48,0.22,0.586
Hyperscale_LC,MidT_90C,-10,20,10,0.36,0.48,0.22,0.5034
Edge_LC,HighT_130C,-10,20,20,0.36,0.48,0.24,0.414
Edge_LC,LowT_60C,-10,20,20,0.36,0.48,0.24,0.5806
Edge_LC,MidT_90C,-10,20,20,0.36,0.48,0.24,0.4944
Mid_LC,HighT_130C,-10,20,20,0.36,0.48,0.24,0.414
Mid_LC,LowT_60C,-10,20,20,0.36,0.48,0.24,0.5806
Mid_LC,MidT_90C,-10,20,20,0.36,0.48,0.24,0.4944
Hyperscale_LC,HighT_130C,-10,20,20,0.36,0.48,0.24,0.4144
Hyperscale_LC,LowT_60C,-10,20,20,0.36,0.48,0.24,0.581
Hyperscale_LC,MidT_90C,-10,20,20,0.36,0.48,0.24,0.495
Edge_LC,HighT_130C,0,-20,-20,0.4,0.32,0.16,0.3609
Edge_LC,LowT_60C,0,-20,-20,0.4,0.32,0.16,0.5112
Edge_LC,MidT_90C,0,-20,-20,0.4,0.32,0.16,0.4338
Mid_LC,HighT_130C,0,-20,-20,0.4,0.32,0.16,0.3609
Mid_LC,LowT_60C,0,-20,-20,0.4,0.32,0.16,0.5112
Mid_LC,MidT_90C,0,-20,-20,0.4,0.32,0.16,0.4338
Hyperscale_LC,HighT_130C,0,-20,-20,0.4,0.32,0.16,0.3602
Hyperscale_LC,LowT_60C,0,-20,-20,0.4,0.32,0.16,0.5105
Hyperscale_LC,MidT_90C,0,-20,-20,0.4,0.32,0.16,0.4333
Edge_LC,HighT_130C,0,-20,-10,0.4,0.32,0.18,0.3494
Edge_LC,LowT_60C,0,-20,-10,0.4,0.32,0.18,0.5062
Edge_LC,MidT_90C,0,-20,-10,0.4,0.32,0.18,0.4254
Mid_LC,HighT_130C,0,-20,-10,0.4,0.32,0.18,0.3494
Mid_LC,LowT_60C,0,-20,-10,0.4,0.32,0.18,0.5062
Mid_LC,MidT_90C,0,-20,-10,0.4,0.32,0.18,0.4254
Hyperscale_LC,HighT_130C,0,-20,-10,0.4,0.32,0.18,0.3487
Hyperscale_LC,LowT_60C,0,-20,-10,0.4,0.32,0.18,0.5055
Hyperscale_LC,MidT_90C,0,-20,-10,0.4,0.32,0.18,0.4249
Edge_LC,HighT_130C,0,-20,0,0.4,0.32,0.2,0.3378
Edge_LC,LowT_60C,0,-20,0,0.4,0.32,0.2,0.5012
Edge_LC,MidT_90C,0,-20,0,0.4,0.32,0.2,0.4169
Mid_LC,HighT_130C,0,-20,0,0.4,0.32,0.2,0.3378
Mid_LC,LowT_60C,0,-20,0,0.4,0.32,0.2,0.5012
Mid_LC,MidT_90C,0,-20,0,0.4,0.32,0.2,0.4169
Hyperscale_LC,HighT_130C,0,-20,0,0.4,0.32,0.2,0.3372
Hyperscale_LC,LowT_60C,0,-20,0,0.4,0.32,0.2,0.5005
Hyperscale_LC,MidT_90C,0,-20,0,0.4,0.32,0.2,0.4164
Edge_LC,HighT_130C,0,-20,10,0.4,0.32,0.22,0.3263
Edge_LC,LowT_60C,0,-20,10,0.4,0.32,0.22,0.4962
Edge_LC,MidT_90C,0,-20,10,0.4,0.32,0.22,0.4084
Mid_LC,HighT_130C,0,-20,10,0.4,0.32,0.22,0.3263
Mid_LC,LowT_60C,0,-20,10,0.4,0.32,0.22,0.4962
Mid_LC,MidT_90C,0,-20,10,0.4,0.32,0.22,0.4084
Hyperscale_LC,HighT_130C,0,-20,10,0.4,0.32,0.22,0.3256
Hyperscale_LC,LowT_60C,0,-20,10,0.4,0.32,0.22,0.4955
Hyperscale_LC,MidT_90C,0,-20,10,0.4,0.32,0.22,0.4079
Edge_LC,HighT_130C,0,-20,20,0.4,0.32,0.24,0.3148
Edge_LC,LowT_60C,0,-20,20,0.4,0.32,0.24,0.4912
Edge_LC,MidT_90C,0,-20,20,0.4,0.32,0.24,0.4
Mid_LC,HighT_130C,0,-20,20,0.4,0.32,0.24,0.3148
Mid_LC,LowT_60C,0,-20,20,0.4,0.32,0.24,0.4912
Mid_LC,MidT_90C,0,-20,20,0.4,0.32,0.24,0.4
Hyperscale_LC,HighT_130C,0,-20,20,0.4,0.32,0.24,0.3141
Hyperscale_LC,LowT_60C,0,-20,20,0.4,0.32,0.24,0.4905
Hyperscale_LC,MidT_90C,0,-20,20,0.4,0.32,0.24,0.3995
Edge_LC,HighT_130C,0,-10,-20,0.4,0.36,0.16,0.391
Edge_LC,LowT_60C,0,-10,-20,0.4,0.36,0.16,0.5413
Edge_LC,MidT_90C,0,-10,-20,0.4,0.36,0.16,0.464
Mid_LC,HighT_130C,0,-10,-20,0.4,0.36,0.16,0.391
Mid_LC,LowT_60C,0,-10,-20,0.4,0.36,0.16,0.5413
Mid_LC,MidT_90C,0,-10,-20,0.4,0.36,0.16,0.464
Hyperscale_LC,HighT_130C,0,-10,-20,0.4,0.36,0.16,0.3906
Hyperscale_LC,LowT_60C,0,-10,-20,0.4,0.36,0.16,0.5408
Hyperscale_LC,MidT_90C,0,-10,-20,0.4,0.36,0.16,0.4637
Edge_LC,HighT_130C,0,-10,-10,0.4,0.36,0.18,0.3795
Edge_LC,LowT_60C,0,-10,-10,0.4,0.36,0.18,0.5363
Edge_LC,MidT_90C,0,-10,-10,0.4,0.36,0.18,0.4555
Mid_LC,HighT_130C,0,-10,-10,0.4,0.36,0.18,0.3795
Mid_LC,LowT_60C,0,-10,-10,0.4,0.36,0.18,0.5363
Mid_LC,MidT_90C,0,-10,-10,0.4,0.36,0.18,0.4555
Hyperscale_LC,HighT_130C,0,-10,-10,0.4,0.36,0.18,0.379
Hyperscale_LC,LowT_60C,0,-10,-10,0.4,0.36,0.18,0.5358
Hyperscale_LC,MidT_90C,0,-10,-10,0.4,0.36,0.18,0.4552
Edge_LC,HighT_130C,0,-10,0,0.4,0.36,0.2,0.3679
Edge_LC,LowT_60C,0,-10,0,0.4,0.36,0.2,0.5313
Edge_LC,MidT_90C,0,-10,0,0.4,0.36,0.2,0.447
Mid_LC,HighT_130C,0,-10,0,0.4,0.36,0.2,0.3679
Mid_LC,LowT_60C,0,-10,0,0.4,0.36,0.2,0.5313
Mid_LC,MidT_90C,0,-10,0,0.4,0.36,0.2,0.447
Hyperscale_LC,HighT_130C,0,-10,0,0.4,0.36,0.2,0.3675
Hyperscale_LC,LowT_60C,0,-10,0,0.4,0.36,0.2,0.5308
Hyperscale_LC,MidT_90C,0,-10,0,0.4,0.36,0.2,0.4467
Edge_LC,HighT_130C,0,-10,10,0.4,0.36,0.22,0.3564
Edge_LC,LowT_60C,0,-10,10,0.4,0.36,0.22,0.5263
Edge_LC,MidT_90C,0,-10,10,0.4,0.36,0.22,0.4386
Mid_LC,HighT_130C,0,-10,10,0.4,0.36,0.22,0.3564
Mid_LC,LowT_60C,0,-10,10,0.4,0.36,0.22,0.5263
Mid_LC,MidT_90C,0,-10,10,0.4,0.36,0.22,0.4386
Hyperscale_LC,HighT_130C,0,-10,10,0.4,0.36,0.22,0.356
Hyperscale_LC,LowT_60C,0,-10,10,0.4,0.36,0.22,0.5258
Hyperscale_LC,MidT_90C,0,-10,10,0.4,0.36,0.22,0.4383
Edge_LC,HighT_130C,0,-10,20,0.4,0.36,0.24,0.3449
Edge_LC,LowT_60C,0,-10,20,0.4,0.36,0.24,0.5213
Edge_LC,MidT_90C,0,-10,20,0.4,0.36,0.24,0.4301
Mid_LC,HighT_130C,0,-10,20,0.4,0.36,0.24,0.3449
Mid_LC,LowT_60C,0,-10,20,0.4,0.36,0.24,0.5213
Mid_LC,MidT_90C,0,-10,20,0.4,0.36,0.24,0.4301
Hyperscale_LC,HighT_130C,0,-10,20,0.4,0.36,0.24,0.3444
Hyperscale_LC,LowT_60C,0,-10,20,0.4,0.36,0.24,0.5208
Hyperscale_LC,MidT_90C,0,-10,20,0.4,0.36,0.24,0.4298
Edge_LC,HighT_130C,0,0,-20,0.4,0.4,0.16,0.4211
Edge_LC,LowT_60C,0,0,-20,0.4,0.4,0.16,0.5714
Edge_LC,MidT_90C,0,0,-20,0.4,0.4,0.16,0.4941
Mid_LC,HighT_130C,0,0,-20,0.4,0.4,0.16,0.4211
Mid_LC,LowT_60C,0,0,-20,0.4,0.4,0.16,0.5714
Mid_LC,MidT_90C,0,0,-20,0.4,0.4,0.16,0.4941
Hyperscale_LC,HighT_130C,0,0,-20,0.4,0.4,0.16,0.4209
Hyperscale_LC,LowT_60C,0,0,-20,0.4,0.4,0.16,0.5712
Hyperscale_LC,MidT_90C,0,0,-20,0.4,0.4,0.16,0.494
Edge_LC,HighT_130C,0,0,-10,0.4,0.4,0.18,0.4096
Edge_LC,LowT_60C,0,0,-10,0.4,0.4,0.18,0.5664
Edge_LC,MidT_90C,0,0,-10,0.4,0.4,0.18,0.4856
Mid_LC,HighT_130C,0,0,-10,0.4,0.4,0.18,0.4096
Mid_LC,LowT_60C,0,0,-10,0.4,0.4,0.18,0.5664
Mid_LC,MidT_90C,0,0,-10,0.4,0.4,0.18,0.4856
Hyperscale_LC,HighT_130C,0,0,-10,0.4,0.4,0.18,0.4094
Hyperscale_LC,LowT_60C,0,0,-10,0.4,0.4,0.18,0.5662
Hyperscale_LC,MidT_90C,0,0,-10,0.4,0.4,0.18,0.4855
Edge_LC,HighT_130C,0,0,0,0.4,0.4,0.2,0.3981
Edge_LC,LowT_60C,0,0,0,0.4,0.4,0.2,0.5614
Edge_LC,MidT_90C,0,0,0,0.4,0.4,0.2,0.4771
Mid_LC,HighT_130C,0,0,0,0.4,0.4,0.2,0.3981
Mid_LC,LowT_60C,0,0,0,0.4,0.4,0.2,0.5614
Mid_LC,MidT_90C,0,0,0,0.4,0.4,0.2,0.4771
Hyperscale_LC,HighT_130C,0,0,0,0.4,0.4,0.2,0.3978
Hyperscale_LC,LowT_60C,0,0,0,0.4,0.4,0.2,0.5612
Hyperscale_LC,MidT_90C,0,0,0,0.4,0.4,0.2,0.4771
Edge_LC,HighT_130C,0,0,10,0.4,0.4,0.22,0.3865
Edge_LC,LowT_60C,0,0,10,0.4,0.4,0.22,0.5564
Edge_LC,MidT_90C,0,0,10,0.4,0.4,0.22,0.4687
Mid_LC,HighT_130C,0,0,10,0.4,0.4,0.22,0.3865
Mid_LC,LowT_60C,0,0,10,0.4,0.4,0.22,0.5564
Mid_LC,MidT_90C,0,0,10,0.4,0.4,0.22,0.4687
Hyperscale_LC,HighT_130C,0,0,10,0.4,0.4,0.22,0.3863
Hyperscale_LC,LowT_60C,0,0,10,0.4,0.4,0.22,0.5562
Hyperscale_LC,MidT_90C,0,0,10,0.4,0.4,0.22,0.4686
Edge_LC,HighT_130C,0,0,20,0.4,0.4,0.24,0.375
Edge_LC,LowT_60C,0,0,20,0.4,0.4,0.24,0.5514
Edge_LC,MidT_90C,0,0,20,0.4,0.4,0.24,0.4602
Mid_LC,HighT_130C,0,0,20,0.4,0.4,0.24,0.375
Mid_LC,LowT_60C,0,0,20,0.4,0.4,0.24,0.5514
Mid_LC,MidT_90C,0,0,20,0.4,0.4,0.24,0.4602
Hyperscale_LC,HighT_130C,0,0,20,0.4,0.4,0.24,0.3748
Hyperscale_LC,LowT_60C,0,0,20,0.4,0.4,0.24,0.5512
Hyperscale_LC,MidT_90C,0,0,20,0.4,0.4,0.24,0.4601
Edge_LC,HighT_130C,0,10,-20,0.4,0.44,0.16,0.4512
Edge_LC,LowT_60C,0,10,-20,0.4,0.44,0.16,0.6015
Edge_LC,MidT_90C,0,10,-20,0.4,0.44,0.16,0.5242
Mid_LC,HighT_130C,0,10,-20,0.4,0.44,0.16,0.4512
Mid_LC,LowT_60C,0,10,-20,0.4,0.44,0.16,0.6015
Mid_LC,MidT_90C,0,10,-20,0.4,0.44,0.16,0.5242
Hyperscale_LC,HighT_130C,0,10,-20,0.4,0.44,0.16,0.4512
Hyperscale_LC,LowT_60C,0,10,-20,0.4,0.44,0.16,0.6015
Hyperscale_LC,MidT_90C,0,10,-20,0.4,0.44,0.16,0.5243
Edge_LC,HighT_130C,0,10,-10,0.4,0.44,0.18,0.4397
Edge_LC,LowT_60C,0,10,-10,0.4,0.44,0.18,0.5965
Edge_LC,MidT_90C,0,10,-10,0.4,0.44,0.18,0.5157
Mid_LC,HighT_130C,0,10,-10,0.4,0.44,0.18,0.4397
Mid_LC,LowT_60C,0,10,-10,0.4,0.44,0.18,0.5965
Mid_LC,MidT_90C,0,10,-10,0.4,0.44,0.18,0.5157
Hyperscale_LC,HighT_130C,0,10,-10,0.4,0.44,0.18,0.4397
Hyperscale_LC,LowT_60C,0,10,-10,0.4,0.44,0.18,0.5965
Hyperscale_LC,MidT_90C,0,10,-10,0.4,0.44,0.18,0.5159
Edge_LC,HighT_130C,0,10,0,0.4,0.44,0.2,0.4282
Edge_LC,LowT_60C,0,10,0,0.4,0.44,0.2,0.5915
Edge_LC,MidT_90C,0,10,0,0.4,0.44,0.2,0.5073
Mid_LC,HighT_130C,0,10,0,0.4,0.44,0.2,0.4282
Mid_LC,LowT_60C,0,10,0,0.4,0.44,0.2,0.5915
Mid_LC,MidT_90C,0,10,0,0.4,0.44,0.2,0.5073
Hyperscale_LC,HighT_130C,0,10,0,0.4,0.44,0.2,0.4282
Hyperscale_LC,LowT_60C,0,10,0,0.4,0.44,0.2,0.5915
Hyperscale_LC,MidT_90C,0,10,0,0.4,0.44,0.2,0.5074
Edge_LC,HighT_130C,0,10,10,0.4,0.44,0.22,0.4166
Edge_LC,LowT_60C,0,10,10,0.4,0.44,0.22,0.5865
Edge_LC,MidT_90C,0,10,10,0.4,0.44,0.22,0.4988
Mid_LC,HighT_130C,0,10,10,0.4,0.44,0.22,0.4166
Mid_LC,LowT_60C,0,10,10,0.4,0.44,0.22,0.5865
Mid_LC,MidT_90C,0,10,10,0.4,0.44,0.22,0.4988
Hyperscale_LC,HighT_130C,0,10,10,0.4,0.44,0.22,0.4166
Hyperscale_LC,LowT_60C,0,10,10,0.4,0.44,0.22,0.5865
Hyperscale_LC,MidT_90C,0,10,10,0.4,0.44,0.22,0.4989
Edge_LC,HighT_130C,0,10,20,0.4,0.44,0.24,0.4051
Edge_LC,LowT_60C,0,10,20,0.4,0.44,0.24,0.5815
Edge_LC,MidT_90C,0,10,20,0.4,0.44,0.24,0.4903
Mid_LC,HighT_130C,0,10,20,0.4,0.44,0.24,0.4051
Mid_LC,LowT_60C,0,10,20,0.4,0.44,0.24,0.5815
Mid_LC,MidT_90C,0,10,20,0.4,0.44,0.24,0.4903
Hyperscale_LC,HighT_130C,0,10,20,0.4,0.44,0.24,0.4051
Hyperscale_LC,LowT_60C,0,10,20,0.4,0.44,0.24,0.5815
Hyperscale_LC,MidT_90C,0,10,20,0.4,0.44,0.24,0.4905
Edge_LC,HighT_130C,0,20,-20,0.4,0.48,0.16,0.4814
Edge_LC,LowT_60C,0,20,-20,0.4,0.48,0.16,0.6316
Edge_LC,MidT_90C,0,20,-20,0.4,0.48,0.16,0.5543
Mid_LC,HighT_130C,0,20,-20,0.4,0.48,0.16,0.4814
Mid_LC,LowT_60C,0,20,-20,0.4,0.48,0.16,0.6316
Mid_LC,MidT_90C,0,20,-20,0.4,0.48,0.16,0.5543
Hyperscale_LC,HighT_130C,0,20,-20,0.4,0.48,0.16,0.4816
Hyperscale_LC,LowT_60C,0,20,-20,0.4,0.48,0.16,0.6318
Hyperscale_LC,MidT_90C,0,20,-20,0.4,0.48,0.16,0.5547
Edge_LC,HighT_130C,0,20,-10,0.4,0.48,0.18,0.4698
Edge_LC,LowT_60C,0,20,-10,0.4,0.48,0.18,0.6266
Edge_LC,MidT_90C,0,20,-10,0.4,0.48,0.18,0.5458
Mid_LC,HighT_130C,0,20,-10,0.4,0.48,0.18,0.4698
Mid_LC,LowT_60C,0,20,-10,0.4,0.48,0.18,0.6266
Mid_LC,MidT_90C,0,20,-10,0.4,0.48,0.18,0.5458
Hyperscale_LC,HighT_130C,0,20,-10,0.4,0.48,0.18,0.47
Hyperscale_LC,LowT_60C,0,20,-10,0.4,0.48,0.18,0.6268
Hyperscale_LC,MidT_90C,0,20,-10,0.4,0.48,0.18,0.5462
Edge_LC,HighT_130C,0,20,0,0.4,0.48,0.2,0.4583
Edge_LC,LowT_60C,0,20,0,0.4,0.48,0.2,0.6216
Edge_LC,MidT_90C,0,20,0,0.4,0.48,0.2,0.5374
Mid_LC,HighT_130C,0,20,0,0.4,0.48,0.2,0.4583
Mid_LC,LowT_60C,0,20,0,0.4,0.48,0.2,0.6216
Mid_LC,MidT_90C,0,20,0,0.4,0.48,0.2,0.5374
Hyperscale_LC,HighT_130C,0,20,0,0.4,0.48,0.2,0.4585
Hyperscale_LC,LowT_60C,0,20,0,0.4,0.48,0.2,0.6218
Hyperscale_LC,MidT_90C,0,20,0,0.4,0.48,0.2,0.5377
Edge_LC,HighT_130C,0,20,10,0.4,0.48,0.22,0.4468
Edge_LC,LowT_60C,0,20,10,0.4,0.48,0.22,0.6166
Edge_LC,MidT_90C,0,20,10,0.4,0.48,0.22,0.5289
Mid_LC,HighT_130C,0,20,10,0.4,0.48,0.22,0.4468
Mid_LC,LowT_60C,0,20,10,0.4,0.48,0.22,0.6166
Mid_LC,MidT_90C,0,20,10,0.4,0.48,0.22,0.5289
Hyperscale_LC,HighT_130C,0,20,10,0.4,0.48,0.22,0.4469
Hyperscale_LC,LowT_60C,0,20,10,0.4,0.48,0.22,0.6168
Hyperscale_LC,MidT_90C,0,20,10,0.4,0.48,0.22,0.5293
Edge_LC,HighT_130C,0,20,20,0.4,0.48,0.24,0.4352
Edge_LC,LowT_60C,0,20,20,0.4,0.48,0.24,0.6116
Edge_LC,MidT_90C,0,20,20,0.4,0.48,0.24,0.5204
Mid_LC,HighT_130C,0,20,20,0.4,0.48,0.24,0.4352
Mid_LC,LowT_60C,0,20,20,0.4,0.48,0.24,0.6116
Mid_LC,MidT_90C,0,20,20,0.4,0.48,0.24,0.5204
Hyperscale_LC,HighT_130C,0,20,20,0.4,0.48,0.24,0.4354
Hyperscale_LC,LowT_60C,0,20,20,0.4,0.48,0.24,0.6118
Hyperscale_LC,MidT_90C,0,20,20,0.4,0.48,0.24,0.5208
Edge_LC,HighT_130C,10,-20,-20,0.44,0.32,0.16,0.3821
Edge_LC,LowT_60C,10,-20,-20,0.44,0.32,0.16,0.5422
Edge_LC,MidT_90C,10,-20,-20,0.44,0.32,0.16,0.4599
Mid_LC,HighT_130C,10,-20,-20,0.44,0.32,0.16,0.3821
Mid_LC,LowT_60C,10,-20,-20,0.44,0.32,0.16,0.5422
Mid_LC,MidT_90C,10,-20,-20,0.44,0.32,0.16,0.4599
Hyperscale_LC,HighT_130C,10,-20,-20,0.44,0.32,0.16,0.3812
Hyperscale_LC,LowT_60C,10,-20,-20,0.44,0.32,0.16,0.5413
Hyperscale_LC,MidT_90C,10,-20,-20,0.44,0.32,0.16,0.4592
Edge_LC,HighT_130C,10,-20,-10,0.44,0.32,0.18,0.3706
Edge_LC,LowT_60C,10,-20,-10,0.44,0.32,0.18,0.5372
Edge_LC,MidT_90C,10,-20,-10,0.44,0.32,0.18,0.4514
Mid_LC,HighT_130C,10,-20,-10,0.44,0.32,0.18,0.3706
Mid_LC,LowT_60C,10,-20,-10,0.44,0.32,0.18,0.5372
Mid_LC,MidT_90C,10,-20,-10,0.44,0.32,0.18,0.4514
Hyperscale_LC,HighT_130C,10,-20,-10,0.44,0.32,0.18,0.3697
Hyperscale_LC,LowT_60C,10,-20,-10,0.44,0.32,0.18,0.5363
Hyperscale_LC,MidT_90C,10,-20,-10,0.44,0.32,0.18,0.4507
Edge_LC,HighT_130C,10,-20,0,0.44,0.32,0.2,0.3591
Edge_LC,LowT_60C,10,-20,0,0.44,0.32,0.2,0.5322
Edge_LC,MidT_90C,10,-20,0,0.44,0.32,0.2,0.443
Mid_LC,HighT_130C,10,-20,0,0.44,0.32,0.2,0.3591
Mid_LC,LowT_60C,10,-20,0,0.44,0.32,0.2,0.5322
Mid_LC,MidT_90C,10,-20,0,0.44,0.32,0.2,0.443
Hyperscale_LC,HighT_130C,10,-20,0,0.44,0.32,0.2,0.3581
Hyperscale_LC,LowT_60C,10,-20,0,0.44,0.32,0.2,0.5313
Hyperscale_LC,MidT_90C,10,-20,0,0.44,0.32,0.2,0.4422
Edge_LC,HighT_130C,10,-20,10,0.44,0.32,0.22,0.3475
Edge_LC,LowT_60C,10,-20,10,0.44,0.32,0.22,0.5272
Edge_LC,MidT_90C,10,-20,10,0.44,0.32,0.22,0.4345
Mid_LC,HighT_130C,10,-20,10,0.44,0.32,0.22,0.3475
Mid_LC,LowT_60C,10,-20,10,0.44,0.32,0.22,0.5272
Mid_LC,MidT_90C,10,-20,10,0.44,0.32,0.22,0.4345
Hyperscale_LC,HighT_130C,10,-20,10,0.44,0.32,0.22,0.3466
Hyperscale_LC,LowT_60C,10,-20,10,0.44,0.32,0.22,0.5263
Hyperscale_LC,MidT_90C,10,-20,10,0.44,0.32,0.22,0.4338
Edge_LC,HighT_130C,10,-20,20,0.44,0.32,0.24,0.336
Edge_LC,LowT_60C,10,-20,20,0.44,0.32,0.24,0.5222
Edge_LC,MidT_90C,10,-20,20,0.44,0.32,0.24,0.426
Mid_LC,HighT_130C,10,-20,20,0.44,0.32,0.24,0.336
Mid_LC,LowT_60C,10,-20,20,0.44,0.32,0.24,0.5222
Mid_LC,MidT_90C,10,-20,20,0.44,0.32,0.24,0.426
Hyperscale_LC,HighT_130C,10,-20,20,0.44,0.32,0.24,0.3351
Hyperscale_LC,LowT_60C,10,-20,20,0.44,0.32,0.24,0.5213
Hyperscale_LC,MidT_90C,10,-20,20,0.44,0.32,0.24,0.4253
Edge_LC,HighT_130C,10,-10,-20,0.44,0.36,0.16,0.4122
Edge_LC,LowT_60C,10,-10,-20,0.44,0.36,0.16,0.5723
Edge_LC,MidT_90C,10,-10,-20,0.44,0.36,0.16,0.49
Mid_LC,HighT_130C,10,-10,-20,0.44,0.36,0.16,0.4122
Mid_LC,LowT_60C,10,-10,-20,0.44,0.36,0.16,0.5723
Mid_LC,MidT_90C,10,-10,-20,0.44,0.36,0.16,0.49
Hyperscale_LC,HighT_130C,10,-10,-20,0.44,0.36,0.16,0.4115
Hyperscale_LC,LowT_60C,10,-10,-20,0.44,0.36,0.16,0.5716
Hyperscale_LC,MidT_90C,10,-10,-20,0.44,0.36,0.16,0.4895
Edge_LC,HighT_130C,10,-10,-10,0.44,0.36,0.18,0.4007
Edge_LC,LowT_60C,10,-10,-10,0.44,0.36,0.18,0.5673
Edge_LC,MidT_90C,10,-10,-10,0.44,0.36,0.18,0.4816
Mid_LC,HighT_130C,10,-10,-10,0.44,0.36,0.18,0.4007
Mid_LC,LowT_60C,10,-10,-10,0.44,0.36,0.18,0.5673
Mid_LC,MidT_90C,10,-10,-10,0.44,0.36,0.18,0.4816
Hyperscale_LC,HighT_130C,10,-10,-10,0.44,0.36,0.18,0.4
Hyperscale_LC,LowT_60C,10,-10,-10,0.44,0.36,0.18,0.5666
Hyperscale_LC,MidT_90C,10,-10,-10,0.44,0.36,0.18,0.481
Edge_LC,HighT_130C,10,-10,0,0.44,0.36,0.2,0.3892
Edge_LC,LowT_60C,10,-10,0,0.44,0.36,0.2,0.5623
Edge_LC,MidT_90C,10,-10,0,0.44,0.36,0.2,0.4731
Mid_LC,HighT_130C,10,-10,0,0.44,0.36,0.2,0.3892
Mid_LC,LowT_60C,10,-10,0,0.44,0.36,0.2,0.5623
Mid_LC,MidT_90C,10,-10,0,0.44,0.36,0.2,0.4731
Hyperscale_LC,HighT_130C,10,-10,0,0.44,0.36,0.2,0.3885
Hyperscale_LC,LowT_60C,10,-10,0,0.44,0.36,0.2,0.5616
Hyperscale_LC,MidT_90C,10,-10,0,0.44,0.36,0.2,0.4726
Edge_LC,HighT_130C,10,-10,10,0.44,0.36,0.22,0.3776
Edge_LC,LowT_60C,10,-10,10,0.44,0.36,0.22,0.5573
Edge_LC,MidT_90C,10,-10,10,0.44,0.36,0.22,0.4646
Mid_LC,HighT_130C,10,-10,10,0.44,0.36,0.22,0.3776
Mid_LC,LowT_60C,10,-10,10,0.44,0.36,0.22,0.5573
Mid_LC,MidT_90C,10,-10,10,0.44,0.36,0.22,0.4646
Hyperscale_LC,HighT_130C,10,-10,10,0.44,0.36,0.22,0.3769
Hyperscale_LC,LowT_60C,10,-10,10,0.44,0.36,0.22,0.5566
Hyperscale_LC,MidT_90C,10,-10,10,0.44,0.36,0.22,0.4641
Edge_LC,HighT_130C,10,-10,20,0.44,0.36,0.24,0.3661
Edge_LC,LowT_60C,10,-10,20,0.44,0.36,0.24,0.5523
Edge_LC,MidT_90C,10,-10,20,0.44,0.36,0.24,0.4562
Mid_LC,HighT_130C,10,-10,20,0.44,0.36,0.24,0.3661
Mid_LC,LowT_60C,10,-10,20,0.44,0.36,0.24,0.5523
Mid_LC,MidT_90C,10,-10,20,0.44,0.36,0.24,0.4562
Hyperscale_LC,HighT_130C,10,-10,20,0.44,0.36,0.24,0.3654
Hyperscale_LC,LowT_60C,10,-10,20,0.44,0.36,0.24,0.5516
Hyperscale_LC,MidT_90C,10,-10,20,0.44,0.36,0.24,0.4556
Edge_LC,HighT_130C,10,0,-20,0.44,0.4,0.16,0.4424
Edge_LC,LowT_60C,10,0,-20,0.44,0.4,0.16,0.6024
Edge_LC,MidT_90C,10,0,-20,0.44,0.4,0.16,0.5201
Mid_LC,HighT_130C,10,0,-20,0.44,0.4,0.16,0.4424
Mid_LC,LowT_60C,10,0,-20,0.44,0.4,0.16,0.6024
Mid_LC,MidT_90C,10,0,-20,0.44,0.4,0.16,0.5201
Hyperscale_LC,HighT_130C,10,0,-20,0.44,0.4,0.16,0.4419
Hyperscale_LC,LowT_60C,10,0,-20,0.44,0.4,0.16,0.6019
Hyperscale_LC,MidT_90C,10,0,-20,0.44,0.4,0.16,0.5198
Edge_LC,HighT_130C,10,0,-10,0.44,0.4,0.18,0.4308
Edge_LC,LowT_60C,10,0,-10,0.44,0.4,0.18,0.5974
Edge_LC,MidT_90C,10,0,-10,0.44,0.4,0.18,0.5117
Mid_LC,HighT_130C,10,0,-10,0.44,0.4,0.18,0.4308
Mid_LC,LowT_60C,10,0,-10,0.44,0.4,0.18,0.5974
Mid_LC,MidT_90C,10,0,-10,0.44,0.4,0.18,0.5117
Hyperscale_LC,HighT_130C,10,0,-10,0.44,0.4,0.18,0.4303
Hyperscale_LC,LowT_60C,10,0,-10,0.44,0.4,0.18,0.5969
Hyperscale_LC,MidT_90C,10,0,-10,0.44,0.4,0.18,0.5114
Edge_LC,HighT_130C,10,0,0,0.44,0.4,0.2,0.4193
Edge_LC,LowT_60C,10,0,0,0.44,0.4,0.2,0.5924
Edge_LC,MidT_90C,10,0,0,0.44,0.4,0.2,0.5032
Mid_LC,HighT_130C,10,0,0,0.44,0.4,0.2,0.4193
Mid_LC,LowT_60C,10,0,0,0.44,0.4,0.2,0.5924
Mid_LC,MidT_90C,10,0,0,0.44,0.4,0.2,0.5032
Hyperscale_LC,HighT_130C,10,0,0,0.44,0.4,0.2,0.4188
Hyperscale_LC,LowT_60C,10,0,0,0.44,0.4,0.2,0.5919
Hyperscale_LC,MidT_90C,10,0,0,0.44,0.4,0.2,0.5029
Edge_LC,HighT_130C,10,0,10,0.44,0.4,0.22,0.4077
Edge_LC,LowT_60C,10,0,10,0.44,0.4,0.22,0.5874
Edge_LC,MidT_90C,10,0,10,0.44,0.4,0.22,0.4947
Mid_LC,HighT_130C,10,0,10,0.44,0.4,0.22,0.4077
Mid_LC,LowT_60C,10,0,10,0.44,0.4,0.22,0.5874
Mid_LC,MidT_90C,10,0,10,0.44,0.4,0.22,0.4947
Hyperscale_LC,HighT_130C,10,0,10,0.44,0.4,0.22,0.4073
Hyperscale_LC,LowT_60C,10,0,10,0.44,0.4,0.22,0.5869
Hyperscale_LC,MidT_90C,10,0,10,0.44,0.4,0.22,0.4944
Edge_LC,HighT_130C,10,0,20,0.44,0.4,0.24,0.3962
Edge_LC,LowT_60C,10,0,20,0.44,0.4,0.24,0.5824
Edge_LC,MidT_90C,10,0,20,0.44,0.4,0.24,0.4863
Mid_LC,HighT_130C,10,0,20,0.44,0.4,0.24,0.3962
Mid_LC,LowT_60C,10,0,20,0.44,0.4,0.24,0.5824
Mid_LC,MidT_90C,10,0,20,0.44,0.4,0.24,0.4863
Hyperscale_LC,HighT_130C,10,0,20,0.44,0.4,0.24,0.3957
Hyperscale_LC,LowT_60C,10,0,20,0.44,0.4,0.24,0.5819
Hyperscale_LC,MidT_90C,10,0,20,0.44,0.4,0.24,0.486
Edge_LC,HighT_130C,10,10,-20,0.44,0.44,0.16,0.4725
Edge_LC,LowT_60C,10,10,-20,0.44,0.44,0.16,0.6325
Edge_LC,MidT_90C,10,10,-20,0.44,0.44,0.16,0.5503
Mid_LC,HighT_130C,10,10,-20,0.44,0.44,0.16,0.4725
Mid_LC,LowT_60C,10,10,-20,0.44,0.44,0.16,0.6325
Mid_LC,MidT_90C,10,10,-20,0.44,0.44,0.16,0.5503
Hyperscale_LC,HighT_130C,10,10,-20,0.44,0.44,0.16,0.4722
Hyperscale_LC,LowT_60C,10,10,-20,0.44,0.44,0.16,0.6323
Hyperscale_LC,MidT_90C,10,10,-20,0.44,0.44,0.16,0.5502
Edge_LC,HighT_130C,10,10,-10,0.44,0.44,0.18,0.4609
Edge_LC,LowT_60C,10,10,-10,0.44,0.44,0.18,0.6275
Edge_LC,MidT_90C,10,10,-10,0.44,0.44,0.18,0.5418
Mid_LC,HighT_130C,10,10,-10,0.44,0.44,0.18,0.4609
Mid_LC,LowT_60C,10,10,-10,0.44,0.44,0.18,0.6275
Mid_LC,MidT_90C,10,10,-10,0.44,0.44,0.18,0.5418
Hyperscale_LC,HighT_130C,10,10,-10,0.44,0.44,0.18,0.4607
Hyperscale_LC,LowT_60C,10,10,-10,0.44,0.44,0.18,0.6273
Hyperscale_LC,MidT_90C,10,10,-10,0.44,0.44,0.18,0.5417
Edge_LC,HighT_130C,10,10,0,0.44,0.44,0.2,0.4494
Edge_LC,LowT_60C,10,10,0,0.44,0.44,0.2,0.6225
Edge_LC,MidT_90C,10,10,0,0.44,0.44,0.2,0.5333
Mid_LC,HighT_130C,10,10,0,0.44,0.44,0.2,0.4494
Mid_LC,LowT_60C,10,10,0,0.44,0.44,0.2,0.6225
Mid_LC,MidT_90C,10,10,0,0.44,0.44,0.2,0.5333
Hyperscale_LC,HighT_130C,10,10,0,0.44,0.44,0.2,0.4491
Hyperscale_LC,LowT_60C,10,10,0,0.44,0.44,0.2,0.6223
Hyperscale_LC,MidT_90C,10,10,0,0.44,0.44,0.2,0.5332
Edge_LC,HighT_130C,10,10,10,0.44,0.44,0.22,0.4379
Edge_LC,LowT_60C,10,10,10,0.44,0.44,0.22,0.6175
Edge_LC,MidT_90C,10,10,10,0.44,0.44,0.22,0.5249
Mid_LC,HighT_130C,10,10,10,0.44,0.44,0.22,0.4379
Mid_LC,LowT_60C,10,10,10,0.44,0.44,0.22,0.6175
Mid_LC,MidT_90C,10,10,10,0.44,0.44,0.22,0.5249
Hyperscale_LC,HighT_130C,10,10,10,0.44,0.44,0.22,0.4376
Hyperscale_LC,LowT_60C,10,10,10,0.44,0.44,0.22,0.6173
Hyperscale_LC,MidT_90C,10,10,10,0.44,0.44,0.22,0.5248
Edge_LC,HighT_130C,10,10,20,0.44,0.44,0.24,0.4263
Edge_LC,LowT_60C,10,10,20,0.44,0.44,0.24,0.6125
Edge_LC,MidT_90C,10,10,20,0.44,0.44,0.24,0.5164
Mid_LC,HighT_130C,10,10,20,0.44,0.44,0.24,0.4263
Mid_LC,LowT_60C,10,10,20,0.44,0.44,0.24,0.6125
Mid_LC,MidT_90C,10,10,20,0.44,0.44,0.24,0.5164
Hyperscale_LC,HighT_130C,10,10,20,0.44,0.44,0.24,0.4261
Hyperscale_LC,LowT_60C,10,10,20,0.44,0.44,0.24,0.6123
Hyperscale_LC,MidT_90C,10,10,20,0.44,0.44,0.24,0.5163
Edge_LC,HighT_130C,10,20,-20,0.44,0.48,0.16,0.5026
Edge_LC,LowT_60C,10,20,-20,0.44,0.48,0.16,0.6627
Edge_LC,MidT_90C,10,20,-20,0.44,0.48,0.16,0.5804
Mid_LC,HighT_130C,10,20,-20,0.44,0.48,0.16,0.5026
Mid_LC,LowT_60C,10,20,-20,0.44,0.48,0.16,0.6627
Mid_LC,MidT_90C,10,20,-20,0.44,0.48,0.16,0.5804
Hyperscale_LC,HighT_130C,10,20,-20,0.44,0.48,0.16,0.5025
Hyperscale_LC,LowT_60C,10,20,-20,0.44,0.48,0.16,0.6626
Hyperscale_LC,MidT_90C,10,20,-20,0.44,0.48,0.16,0.5805
Edge_LC,HighT_130C,10,20,-10,0.44,0.48,0.18,0.4911
Edge_LC,LowT_60C,10,20,-10,0.44,0.48,0.18,0.6577
Edge_LC,MidT_90C,10,20,-10,0.44,0.48,0.18,0.5719
Mid_LC,HighT_130C,10,20,-10,0.44,0.48,0.18,0.4911
Mid_LC,LowT_60C,10,20,-10,0.44,0.48,0.18,0.6577
Mid_LC,MidT_90C,10,20,-10,0.44,0.48,0.18,0.5719
Hyperscale_LC,HighT_130C,10,20,-10,0.44,0.48,0.18,0.491
Hyperscale_LC,LowT_60C,10,20,-10,0.44,0.48,0.18,0.6576
Hyperscale_LC,MidT_90C,10,20,-10,0.44,0.48,0.18,0.572
Edge_LC,HighT_130C,10,20,0,0.44,0.48,0.2,0.4795
Edge_LC,LowT_60C,10,20,0,0.44,0.48,0.2,0.6527
Edge_LC,MidT_90C,10,20,0,0.44,0.48,0.2,0.5634
Mid_LC,HighT_130C,10,20,0,0.44,0.48,0.2,0.4795
Mid_LC,LowT_60C,10,20,0,0.44,0.48,0.2,0.6527
Mid_LC,MidT_90C,10,20,0,0.44,0.48,0.2,0.5634
Hyperscale_LC,HighT_130C,10,20,0,0.44,0.48,0.2,0.4795
Hyperscale_LC,LowT_60C,10,20,0,0.44,0.48,0.2,0.6526
Hyperscale_LC,MidT_90C,10,20,0,0.44,0.48,0.2,0.5636
Edge_LC,HighT_130C,10,20,10,0.44,0.48,0.22,0.468
Edge_LC,LowT_60C,10,20,10,0.44,0.48,0.22,0.6477
Edge_LC,MidT_90C,10,20,10,0.44,0.48,0.22,0.555
Mid_LC,HighT_130C,10,20,10,0.44,0.48,0.22,0.468
Mid_LC,LowT_60C,10,20,10,0.44,0.48,0.22,0.6477
Mid_LC,MidT_90C,10,20,10,0.44,0.48,0.22,0.555
Hyperscale_LC,HighT_130C,10,20,10,0.44,0.48,0.22,0.4679
Hyperscale_LC,LowT_60C,10,20,10,0.44,0.48,0.22,0.6476
Hyperscale_LC,MidT_90C,10,20,10,0.44,0.48,0.22,0.5551
Edge_LC,HighT_130C,10,20,20,0.44,0.48,0.24,0.4564
Edge_LC,LowT_60C,10,20,20,0.44,0.48,0.24,0.6427
Edge_LC,MidT_90C,10,20,20,0.44,0.48,0.24,0.5465
Mid_LC,HighT_130C,10,20,20,0.44,0.48,0.24,0.4564
Mid_LC,LowT_60C,10,20,20,0.44,0.48,0.24,0.6427
Mid_LC,MidT_90C,10,20,20,0.44,0.48,0.24,0.5465
Hyperscale_LC,HighT_130C,10,20,20,0.44,0.48,0.24,0.4564
Hyperscale_LC,LowT_60C,10,20,20,0.44,0.48,0.24,0.6426
Hyperscale_LC,MidT_90C,10,20,20,0.44,0.48,0.24,0.5466
Edge_LC,HighT_130C,20,-20,-20,0.48,0.32,0.16,0.4033
Edge_LC,LowT_60C,20,-20,-20,0.48,0.32,0.16,0.5732
Edge_LC,MidT_90C,20,-20,-20,0.48,0.32,0.16,0.486
Mid_LC,HighT_130C,20,-20,-20,0.48,0.32,0.16,0.4033
Mid_LC,LowT_60C,20,-20,-20,0.48,0.32,0.16,0.5732
Mid_LC,MidT_90C,20,-20,-20,0.48,0.32,0.16,0.486
Hyperscale_LC,HighT_130C,20,-20,-20,0.48,0.32,0.16,0.4022
Hyperscale_LC,LowT_60C,20,-20,-20,0.48,0.32,0.16,0.5721
Hyperscale_LC,MidT_90C,20,-20,-20,0.48,0.32,0.16,0.485
Edge_LC,HighT_130C,20,-20,-10,0.48,0.32,0.18,0.3918
Edge_LC,LowT_60C,20,-20,-10,0.48,0.32,0.18,0.5682
Edge_LC,MidT_90C,20,-20,-10,0.48,0.32,0.18,0.4775
Mid_LC,HighT_130C,20,-20,-10,0.48,0.32,0.18,0.3918
Mid_LC,LowT_60C,20,-20,-10,0.48,0.32,0.18,0.5682
Mid_LC,MidT_90C,20,-20,-10,0.48,0.32,0.18,0.4775
Hyperscale_LC,HighT_130C,20,-20,-10,0.48,0.32,0.18,0.3907
Hyperscale_LC,LowT_60C,20,-20,-10,0.48,0.32,0.18,0.5671
Hyperscale_LC,MidT_90C,20,-20,-10,0.48,0.32,0.18,0.4765
Edge_LC,HighT_130C,20,-20,0,0.48,0.32,0.2,0.3803
Edge_LC,LowT_60C,20,-20,0,0.48,0.32,0.2,0.5632
Edge_LC,MidT_90C,20,-20,0,0.48,0.32,0.2,0.469
Mid_LC,HighT_130C,20,-20,0,0.48,0.32,0.2,0.3803
Mid_LC,LowT_60C,20,-20,0,0.48,0.32,0.2,0.5632
Mid_LC,MidT_90C,20,-20,0,0.48,0.32,0.2,0.469
Hyperscale_LC,HighT_130C,20,-20,0,0.48,0.32,0.2,0.3791
Hyperscale_LC,LowT_60C,20,-20,0,0.48,0.32,0.2,0.5621
Hyperscale_LC,MidT_90C,20,-20,0,0.48,0.32,0.2,0.4681
Edge_LC,HighT_130C,20,-20,10,0.48,0.32,0.22,0.3687
Edge_LC,LowT_60C,20,-20,10,0.48,0.32,0.22,0.5582
Edge_LC,MidT_90C,20,-20,10,0.48,0.32,0.22,0.4606
Mid_LC,HighT_130C,20,-20,10,0.48,0.32,0.22,0.3687
Mid_LC,LowT_60C,20,-20,10,0.48,0.32,0.22,0.5582
Mid_LC,MidT_90C,20,-20,10,0.48,0.32,0.22,0.4606
Hyperscale_LC,HighT_130C,20,-20,10,0.48,0.32,0.22,0.3676
Hyperscale_LC,LowT_60C,20,-20,10,0.48,0.32,0.22,0.5571
Hyperscale_LC,MidT_90C,20,-20,10,0.48,0.32,0.22,0.4596
Edge_LC,HighT_130C,20,-20,20,0.48,0.32,0.24,0.3572
Edge_LC,LowT_60C,20,-20,20,0.48,0.32,0.24,0.5532
Edge_LC,MidT_90C,20,-20,20,0.48,0.32,0.24,0.4521
Mid_LC,HighT_130C,20,-20,20,0.48,0.32,0.24,0.3572
Mid_LC,LowT_60C,20,-20,20,0.48,0.32,0.24,0.5532
Mid_LC,MidT_90C,20,-20,20,0.48,0.32,0.24,0.4521
Hyperscale_LC,HighT_130C,20,-20,20,0.48,0.32,0.24,0.3561
Hyperscale_LC,LowT_60C,20,-20,20,0.48,0.32,0.24,0.5521
Hyperscale_LC,MidT_90C,20,-20,20,0.48,0.32,0.24,0.4511
Edge_LC,HighT_130C,20,-10,-20,0.48,0.36,0.16,0.4335
Edge_LC,LowT_60C,20,-10,-20,0.48,0.36,0.16,0.6033
Edge_LC,MidT_90C,20,-10,-20,0.48,0.36,0.16,0.5161
Mid_LC,HighT_130C,20,-10,-20,0.48,0.36,0.16,0.4335
Mid_LC,LowT_60C,20,-10,-20,0.48,0.36,0.16,0.6033
Mid_LC,MidT_90C,20,-10,-20,0.48,0.36,0.16,0.5161
Hyperscale_LC,HighT_130C,20,-10,-20,0.48,0.36,0.16,0.4325
Hyperscale_LC,LowT_60C,20,-10,-20,0.48,0.36,0.16,0.6024
Hyperscale_LC,MidT_90C,20,-10,-20,0.48,0.36,0.16,0.5153
Edge_LC,HighT_130C,20,-10,-10,0.48,0.36,0.18,0.4219
Edge_LC,LowT_60C,20,-10,-10,0.48,0.36,0.18,0.5983
Edge_LC,MidT_90C,20,-10,-10,0.48,0.36,0.18,0.5076
Mid_LC,HighT_130C,20,-10,-10,0.48,0.36,0.18,0.4219
Mid_LC,LowT_60C,20,-10,-10,0.48,0.36,0.18,0.5983
Mid_LC,MidT_90C,20,-10,-10,0.48,0.36,0.18,0.5076
Hyperscale_LC,HighT_130C,20,-10,-10,0.48,0.36,0.18,0.421
Hyperscale_LC,LowT_60C,20,-10,-10,0.48,0.36,0.18,0.5974
Hyperscale_LC,MidT_90C,20,-10,-10,0.48,0.36,0.18,0.5069
Edge_LC,HighT_130C,20,-10,0,0.48,0.36,0.2,0.4104
Edge_LC,LowT_60C,20,-10,0,0.48,0.36,0.2,0.5933
Edge_LC,MidT_90C,20,-10,0,0.48,0.36,0.2,0.4992
Mid_LC,HighT_130C,20,-10,0,0.48,0.36,0.2,0.4104
Mid_LC,LowT_60C,20,-10,0,0.48,0.36,0.2,0.5933
Mid_LC,MidT_90C,20,-10,0,0.48,0.36,0.2,0.4992
Hyperscale_LC,HighT_130C,20,-10,0,0.48,0.36,0.2,0.4095
Hyperscale_LC,LowT_60C,20,-10,0,0.48,0.36,0.2,0.5924
Hyperscale_LC,MidT_90C,20,-10,0,0.48,0.36,0.2,0.4984
Edge_LC,HighT_130C,20,-10,10,0.48,0.36,0.22,0.3989
Edge_LC,LowT_60C,20,-10,10,0.48,0.36,0.22,0.5883
Edge_LC,MidT_90C,20,-10,10,0.48,0.36,0.22,0.4907
Mid_LC,HighT_130C,20,-10,10,0.48,0.36,0.22,0.3989
Mid_LC,LowT_60C,20,-10,10,0.48,0.36,0.22,0.5883
Mid_LC,MidT_90C,20,-10,10,0.48,0.36,0.22,0.4907
Hyperscale_LC,HighT_130C,20,-10,10,0.48,0.36,0.22,0.3979
Hyperscale_LC,LowT_60C,20,-10,10,0.48,0.36,0.22,0.5874
Hyperscale_LC,MidT_90C,20,-10,10,0.48,0.36,0.22,0.4899
Edge_LC,HighT_130C,20,-10,20,0.48,0.36,0.24,0.3873
Edge_LC,LowT_60C,20,-10,20,0.48,0.36,0.24,0.5833
Edge_LC,MidT_90C,20,-10,20,0.48,0.36,0.24,0.4822
Mid_LC,HighT_130C,20,-10,20,0.48,0.36,0.24,0.3873
Mid_LC,LowT_60C,20,-10,20,0.48,0.36,0.24,0.5833
Mid_LC,MidT_90C,20,-10,20,0.48,0.36,0.24,0.4822
Hyperscale_LC,HighT_130C,20,-10,20,0.48,0.36,0.24,0.3864
Hyperscale_LC,LowT_60C,20,-10,20,0.48,0.36,0.24,0.5824
Hyperscale_LC,MidT_90C,20,-10,20,0.48,0.36,0.24,0.4815
Edge_LC,HighT_130C,20,0,-20,0.48,0.4,0.16,0.4636
Edge_LC,LowT_60C,20,0,-20,0.48,0.4,0.16,0.6334
Edge_LC,MidT_90C,20,0,-20,0.48,0.4,0.16,0.5462
Mid_LC,HighT_130C,20,0,-20,0.48,0.4,0.16,0.4636
Mid_LC,LowT_60C,20,0,-20,0.48,0.4,0.16,0.6334
Mid_LC,MidT_90C,20,0,-20,0.48,0.4,0.16,0.5462
Hyperscale_LC,HighT_130C,20,0,-20,0.48,0.4,0.16,0.4629
Hyperscale_LC,LowT_60C,20,0,-20,0.48,0.4,0.16,0.6327
Hyperscale_LC,MidT_90C,20,0,-20,0.48,0.4,0.16,0.5457
Edge_LC,HighT_130C,20,0,-10,0.48,0.4,0.18,0.452
Edge_LC,LowT_60C,20,0,-10,0.48,0.4,0.18,0.6284
Edge_LC,MidT_90C,20,0,-10,0.48,0.4,0.18,0.5377
Mid_LC,HighT_130C,20,0,-10,0.48,0.4,0.18,0.452
Mid_LC,LowT_60C,20,0,-10,0.48,0.4,0.18,0.6284
Mid_LC,MidT_90C,20,0,-10,0.48,0.4,0.18,0.5377
Hyperscale_LC,HighT_130C,20,0,-10,0.48,0.4,0.18,0.4513
Hyperscale_LC,LowT_60C,20,0,-10,0.48,0.4,0.18,0.6277
Hyperscale_LC,MidT_90C,20,0,-10,0.48,0.4,0.18,0.5372
Edge_LC,HighT_130C,20,0,0,0.48,0.4,0.2,0.4405
Edge_LC,LowT_60C,20,0,0,0.48,0.4,0.2,0.6234
Edge_LC,MidT_90C,20,0,0,0.48,0.4,0.2,0.5293
Mid_LC,HighT_130C,20,0,0,0.48,0.4,0.2,0.4405
Mid_LC,LowT_60C,20,0,0,0.48,0.4,0.2,0.6234
Mid_LC,MidT_90C,20,0,0,0.48,0.4,0.2,0.5293
Hyperscale_LC,HighT_130C,20,0,0,0.48,0.4,0.2,0.4398
Hyperscale_LC,LowT_60C,20,0,0,0.48,0.4,0.2,0.6227
Hyperscale_LC,MidT_90C,20,0,0,0.48,0.4,0.2,0.5287
Edge_LC,HighT_130C,20,0,10,0.48,0.4,0.22,0.429
Edge_LC,LowT_60C,20,0,10,0.48,0.4,0.22,0.6184
Edge_LC,MidT_90C,20,0,10,0.48,0.4,0.22,0.5208
Mid_LC,HighT_130C,20,0,10,0.48,0.4,0.22,0.429
Mid_LC,LowT_60C,20,0,10,0.48,0.4,0.22,0.6184
Mid_LC,MidT_90C,20,0,10,0.48,0.4,0.22,0.5208
Hyperscale_LC,HighT_130C,20,0,10,0.48,0.4,0.22,0.4283
Hyperscale_LC,LowT_60C,20,0,10,0.48,0.4,0.22,0.6177
Hyperscale_LC,MidT_90C,20,0,10,0.48,0.4,0.22,0.5203
Edge_LC,HighT_130C,20,0,20,0.48,0.4,0.24,0.4174
Edge_LC,LowT_60C,20,0,20,0.48,0.4,0.24,0.6134
Edge_LC,MidT_90C,20,0,20,0.48,0.4,0.24,0.5123
Mid_LC,HighT_130C,20,0,20,0.48,0.4,0.24,0.4174
Mid_LC,LowT_60C,20,0,20,0.48,0.4,0.24,0.6134
Mid_LC,MidT_90C,20,0,20,0.48,0.4,0.24,0.5123
Hyperscale_LC,HighT_130C,20,0,20,0.48,0.4,0.24,0.4167
Hyperscale_LC,LowT_60C,20,0,20,0.48,0.4,0.24,0.6127
Hyperscale_LC,MidT_90C,20,0,20,0.48,0.4,0.24,0.5118
Edge_LC,HighT_130C,20,10,-20,0.48,0.44,0.16,0.4937
Edge_LC,LowT_60C,20,10,-20,0.48,0.44,0.16,0.6636
Edge_LC,MidT_90C,20,10,-20,0.48,0.44,0.16,0.5763
Mid_LC,HighT_130C,20,10,-20,0.48,0.44,0.16,0.4937
Mid_LC,LowT_60C,20,10,-20,0.48,0.44,0.16,0.6636
Mid_LC,MidT_90C,20,10,-20,0.48,0.44,0.16,0.5763
Hyperscale_LC,HighT_130C,20,10,-20,0.48,0.44,0.16,0.4932
Hyperscale_LC,LowT_60C,20,10,-20,0.48,0.44,0.16,0.6631
Hyperscale_LC,MidT_90C,20,10,-20,0.48,0.44,0.16,0.576
Edge_LC,HighT_130C,20,10,-10,0.48,0.44,0.18,0.4822
Edge_LC,LowT_60C,20,10,-10,0.48,0.44,0.18,0.6586
Edge_LC,MidT_90C,20,10,-10,0.48,0.44,0.18,0.5679
Mid_LC,HighT_130C,20,10,-10,0.48,0.44,0.18,0.4822
Mid_LC,LowT_60C,20,10,-10,0.48,0.44,0.18,0.6586
Mid_LC,MidT_90C,20,10,-10,0.48,0.44,0.18,0.5679
Hyperscale_LC,HighT_130C,20,10,-10,0.48,0.44,0.18,0.4817
Hyperscale_LC,LowT_60C,20,10,-10,0.48,0.44,0.18,0.6581
Hyperscale_LC,MidT_90C,20,10,-10,0.48,0.44,0.18,0.5675
Edge_LC,HighT_130C,20,10,0,0.48,0.44,0.2,0.4706
Edge_LC,LowT_60C,20,10,0,0.48,0.44,0.2,0.6536
Edge_LC,MidT_90C,20,10,0,0.48,0.44,0.2,0.5594
Mid_LC,HighT_130C,20,10,0,0.48,0.44,0.2,0.4706
Mid_LC,LowT_60C,20,10,0,0.48,0.44,0.2,0.6536
Mid_LC,MidT_90C,20,10,0,0.48,0.44,0.2,0.5594
Hyperscale_LC,HighT_130C,20,10,0,0.48,0.44,0.2,0.4701
Hyperscale_LC,LowT_60C,20,10,0,0.48,0.44,0.2,0.6531
Hyperscale_LC,MidT_90C,20,10,0,0.48,0.44,0.2,0.5591
Edge_LC,HighT_130C,20,10,10,0.48,0.44,0.22,0.4591
Edge_LC,LowT_60C,20,10,10,0.48,0.44,0.22,0.6486
Edge_LC,MidT_90C,20,10,10,0.48,0.44,0.22,0.5509
Mid_LC,HighT_130C,20,10,10,0.48,0.44,0.22,0.4591
Mid_LC,LowT_60C,20,10,10,0.48,0.44,0.22,0.6486
Mid_LC,MidT_90C,20,10,10,0.48,0.44,0.22,0.5509
Hyperscale_LC,HighT_130C,20,10,10,0.48,0.44,0.22,0.4586
Hyperscale_LC,LowT_60C,20,10,10,0.48,0.44,0.22,0.6481
Hyperscale_LC,MidT_90C,20,10,10,0.48,0.44,0.22,0.5506
Edge_LC,HighT_130C,20,10,20,0.48,0.44,0.24,0.4476
Edge_LC,LowT_60C,20,10,20,0.48,0.44,0.24,0.6436
Edge_LC,MidT_90C,20,10,20,0.48,0.44,0.24,0.5425
Mid_LC,HighT_130C,20,10,20,0.48,0.44,0.24,0.4476
Mid_LC,LowT_60C,20,10,20,0.48,0.44,0.24,0.6436
Mid_LC,MidT_90C,20,10,20,0.48,0.44,0.24,0.5425
Hyperscale_LC,HighT_130C,20,10,20,0.48,0.44,0.24,0.4471
Hyperscale_LC,LowT_60C,20,10,20,0.48,0.44,0.24,0.6431
Hyperscale_LC,MidT_90C,20,10,20,0.48,0.44,0.24,0.5421
Edge_LC,HighT_130C,20,20,-20,0.48,0.48,0.16,0.5238
Edge_LC,LowT_60C,20,20,-20,0.48,0.48,0.16,0.6937
Edge_LC,MidT_90C,20,20,-20,0.48,0.48,0.16,0.6064
Mid_LC,HighT_130C,20,20,-20,0.48,0.48,0.16,0.5238
Mid_LC,LowT_60C,20,20,-20,0.48,0.48,0.16,0.6937
Mid_LC,MidT_90C,20,20,-20,0.48,0.48,0.16,0.6064
Hyperscale_LC,HighT_130C,20,20,-20,0.48,0.48,0.16,0.5235
Hyperscale_LC,LowT_60C,20,20,-20,0.48,0.48,0.16,0.6934
Hyperscale_LC,MidT_90C,20,20,-20,0.48,0.48,0.16,0.6063
Edge_LC,HighT_130C,20,20,-10,0.48,0.48,0.18,0.5123
Edge_LC,LowT_60C,20,20,-10,0.48,0.48,0.18,0.6887
Edge_LC,MidT_90C,20,20,-10,0.48,0.48,0.18,0.598
Mid_LC,HighT_130C,20,20,-10,0.48,0.48,0.18,0.5123
Mid_LC,LowT_60C,20,20,-10,0.48,0.48,0.18,0.6887
Mid_LC,MidT_90C,20,20,-10,0.48,0.48,0.18,0.598
Hyperscale_LC,HighT_130C,20,20,-10,0.48,0.48,0.18,0.512
Hyperscale_LC,LowT_60C,20,20,-10,0.48,0.48,0.18,0.6884
Hyperscale_LC,MidT_90C,20,20,-10,0.48,0.48,0.18,0.5979
Edge_LC,HighT_130C,20,20,0,0.48,0.48,0.2,0.5007
Edge_LC,LowT_60C,20,20,0,0.48,0.48,0.2,0.6837
Edge_LC,MidT_90C,20,20,0,0.48,0.48,0.2,0.5895
Mid_LC,HighT_130C,20,20,0,0.48,0.48,0.2,0.5007
Mid_LC,LowT_60C,20,20,0,0.48,0.48,0.2,0.6837
Mid_LC,MidT_90C,20,20,0,0.48,0.48,0.2,0.5895
Hyperscale_LC,HighT_130C,20,20,0,0.48,0.48,0.2,0.5005
Hyperscale_LC,LowT_60C,20,20,0,0.48,0.48,0.2,0.6834
Hyperscale_LC,MidT_90C,20,20,0,0.48,0.48,0.2,0.5894
Edge_LC,HighT_130C,20,20,10,0.48,0.48,0.22,0.4892
Edge_LC,LowT_60C,20,20,10,0.48,0.48,0.22,0.6787
Edge_LC,MidT_90C,20,20,10,0.48,0.48,0.22,0.581
Mid_LC,HighT_130C,20,20,10,0.48,0.48,0.22,0.4892
Mid_LC,LowT_60C,20,20,10,0.48,0.48,0.22,0.6787
Mid_LC,MidT_90C,20,20,10,0.48,0.48,0.22,0.581
Hyperscale_LC,HighT_130C,20,20,10,0.48,0.48,0.22,0.4889
Hyperscale_LC,LowT_60C,20,20,10,0.48,0.48,0.22,0.6784
Hyperscale_LC,MidT_90C,20,20,10,0.48,0.48,0.22,0.5809
Edge_LC,HighT_130C,20,20,20,0.48,0.48,0.24,0.4777
Edge_LC,LowT_60C,20,20,20,0.48,0.48,0.24,0.6737
Edge_LC,MidT_90C,20,20,20,0.48,0.48,0.24,0.5726
Mid_LC,HighT_130C,20,20,20,0.48,0.48,0.24,0.4777
Mid_LC,LowT_60C,20,20,20,0.48,0.48,0.24,0.6737
Mid_LC,MidT_90C,20,20,20,0.48,0.48,0.24,0.5726
Hyperscale_LC,HighT_130C,20,20,20,0.48,0.48,0.24,0.4774
Hyperscale_LC,LowT_60C,20,20,20,0.48,0.48,0.24,0.6734
Hyperscale_LC,MidT_90C,20,20,20,0.48,0.48,0.24,0.5725
