step,scenario,T_CabRet_C,T_CabSup_C,T_supply_C,Q_available_kW,Q_EHX1_kW,T_EHX_HotSup_C,T_EHX_HotRet_C,m_flow_kgs,m_flow_HWL_kgs,t_sim_h
0,LC_Frontier_5Cabinet,28.959,26.15,28.959,1615.76,403.94,23.268,25.32,6.5613,113.0702,3.333
1,LC_Frontier_5Cabinet,28.867,26.124,28.867,1614.61,403.65,23.266,25.317,6.5042,113.0355,3.337
2,LC_Frontier_5Cabinet,28.802,26.112,28.802,1613.44,403.36,23.264,25.313,6.4393,113.0027,3.342
3,LC_Frontier_5Cabinet,28.76,26.115,28.76,1612.23,403.06,23.261,25.31,6.3675,112.9688,3.346
4,LC_Frontier_5Cabinet,28.731,26.128,28.731,1610.95,402.74,23.259,25.306,6.2897,112.93,3.35
5,LC_Frontier_5Cabinet,28.711,26.147,28.711,1609.49,402.37,23.256,25.302,6.2066,112.8744,3.354
6,LC_Frontier_5Cabinet,28.715,26.169,28.715,1607.72,401.93,23.254,25.298,6.1191,112.7881,3.358
7,LC_Frontier_5Cabinet,28.745,26.208,28.745,1605.61,401.4,23.251,25.294,6.0277,112.6681,3.362
8,LC_Frontier_5Cabinet,28.781,26.254,28.781,1603.29,400.82,23.249,25.291,5.933,112.5268,3.367
9,LC_Frontier_5Cabinet,28.808,26.299,28.808,1600.98,400.24,23.246,25.287,5.835,112.3909,3.371
10,LC_Frontier_5Cabinet,28.864,26.348,28.864,1598.87,399.72,23.244,25.282,5.7341,112.2781,3.375
11,LC_Frontier_5Cabinet,28.965,26.428,28.965,1597.05,399.26,23.242,25.278,5.6307,112.1984,3.379
12,LC_Frontier_5Cabinet,29.071,26.517,29.071,1595.49,398.87,23.239,25.274,5.5252,112.1465,3.383
13,LC_Frontier_5Cabinet,29.174,26.607,29.174,1594.1,398.53,23.237,25.27,5.4182,112.1137,3.388
14,LC_Frontier_5Cabinet,29.279,26.7,29.279,1592.82,398.21,23.234,25.266,5.31,112.0919,3.392
15,LC_Frontier_5Cabinet,29.38,26.793,29.38,1591.57,397.89,23.232,25.262,5.201,112.0733,3.396
16,LC_Frontier_5Cabinet,29.477,26.885,29.477,1590.3,397.58,23.229,25.258,5.0917,112.0537,3.4
17,LC_Frontier_5Cabinet,29.564,26.974,29.564,1589.0,397.25,23.227,25.254,4.9824,112.0295,3.404
18,LC_Frontier_5Cabinet,29.652,27.069,29.652,1587.66,396.91,23.224,25.25,4.8733,112.0018,3.408
19,LC_Frontier_5Cabinet,29.747,27.173,29.747,1586.36,396.59,23.222,25.246,4.7646,111.9804,3.413
20,LC_Frontier_5Cabinet,29.846,27.28,29.846,1585.22,396.3,23.219,25.243,4.6565,111.9761,3.417
21,LC_Frontier_5Cabinet,29.948,27.391,29.948,1584.25,396.06,23.217,25.239,4.5492,111.9926,3.421
22,LC_Frontier_5Cabinet,30.039,27.501,30.039,1583.4,395.85,23.215,25.236,4.443,112.0241,3.425
23,LC_Frontier_5Cabinet,30.114,27.599,30.114,1582.6,395.65,23.212,25.232,4.3381,112.0639,3.429
24,LC_Frontier_5Cabinet,30.192,27.697,30.192,1581.79,395.45,23.21,25.229,4.2348,112.1055,3.433
25,LC_Frontier_5Cabinet,30.283,27.801,30.283,1580.92,395.23,23.207,25.226,4.134,112.144,3.438
26,LC_Frontier_5Cabinet,30.323,27.895,30.323,1579.95,394.99,23.205,25.223,4.0367,112.1755,3.442
27,LC_Frontier_5Cabinet,30.296,27.932,30.296,1578.88,394.72,23.203,25.22,3.9449,112.1984,3.446
28,LC_Frontier_5Cabinet,30.274,27.957,30.274,1577.69,394.42,23.2,25.217,3.8605,112.2122,3.45
29,LC_Frontier_5Cabinet,30.273,27.992,30.273,1576.37,394.09,23.198,25.214,3.783,112.2156,3.454
30,LC_Frontier_5Cabinet,30.273,28.03,30.273,1574.88,393.72,23.196,25.212,3.7118,112.2046,3.458
31,LC_Frontier_5Cabinet,30.264,28.058,30.264,1573.12,393.28,23.194,25.209,3.6473,112.1673,3.462
32,LC_Frontier_5Cabinet,30.264,28.084,30.264,1571.03,392.76,23.191,25.206,3.5897,112.0988,3.467
33,LC_Frontier_5Cabinet,30.274,28.115,30.274,1568.76,392.19,23.189,25.204,3.539,112.0153,3.471
34,LC_Frontier_5Cabinet,30.3,28.15,30.3,1566.57,391.64,23.187,25.201,3.4949,111.944,3.475
35,LC_Frontier_5Cabinet,30.34,28.195,30.34,1564.59,391.15,23.184,25.198,3.457,111.9007,3.479
36,LC_Frontier_5Cabinet,30.383,28.24,30.383,1562.93,390.73,23.182,25.195,3.4257,111.893,3.483
37,LC_Frontier_5Cabinet,30.428,28.283,30.428,1561.52,390.38,23.18,25.192,3.4016,111.9147,3.487
38,LC_Frontier_5Cabinet,30.499,28.33,30.499,1560.33,390.08,23.178,25.189,3.3906,111.9607,3.492
39,LC_Frontier_5Cabinet,30.596,28.382,30.596,1559.42,389.86,23.176,25.185,3.4201,112.0392,3.496
40,LC_Frontier_5Cabinet,30.69,28.406,30.69,1558.84,389.71,23.173,25.182,3.5045,112.153,3.5
41,LC_Frontier_5Cabinet,30.768,28.387,30.768,1558.59,389.65,23.171,25.178,3.6521,112.3037,3.504
42,LC_Frontier_5Cabinet,30.883,28.342,30.883,1549.34,387.34,23.169,25.175,3.8451,111.3972,3.508
43,LC_Frontier_5Cabinet,31.041,28.326,31.041,1525.0,381.25,23.167,25.171,4.0573,108.9825,3.513
44,LC_Frontier_5Cabinet,31.17,28.26,31.17,1525.74,381.43,23.165,25.168,4.3307,109.2609,3.517
45,LC_Frontier_5Cabinet,31.252,28.152,31.252,1527.87,381.97,23.162,25.165,4.6187,109.6492,3.521
46,LC_Frontier_5Cabinet,31.292,28.008,31.292,1530.87,382.72,23.16,25.161,4.9137,110.1314,3.525
47,LC_Frontier_5Cabinet,31.299,27.867,31.299,1534.37,383.59,23.158,25.158,5.2091,110.6685,3.529
48,LC_Frontier_5Cabinet,31.267,27.719,31.267,1537.85,384.46,23.156,25.155,5.4981,111.2042,3.533
49,LC_Frontier_5Cabinet,31.2,27.561,31.2,1540.67,385.17,23.154,25.152,5.7681,111.6699,3.538
50,LC_Frontier_5Cabinet,31.107,27.407,31.107,1542.22,385.55,23.152,25.149,5.9973,111.9941,3.542
51,LC_Frontier_5Cabinet,30.993,27.267,30.993,1542.44,385.61,23.15,25.146,6.1753,112.1727,3.546
52,LC_Frontier_5Cabinet,30.863,27.132,30.863,1541.76,385.44,23.148,25.143,6.3078,112.2528,3.55
53,LC_Frontier_5Cabinet,30.726,27.009,30.726,1540.57,385.14,23.146,25.14,6.4031,112.2747,3.554
54,LC_Frontier_5Cabinet,30.563,26.898,30.563,1539.02,384.76,23.144,25.137,6.4679,112.2559,3.558
55,LC_Frontier_5Cabinet,30.374,26.786,30.374,1537.21,384.3,23.142,25.135,6.5073,112.2051,3.562
56,LC_Frontier_5Cabinet,30.194,26.685,30.194,1535.19,383.8,23.14,25.132,6.5254,112.1286,3.567
57,LC_Frontier_5Cabinet,30.033,26.603,30.033,1533.0,383.25,23.138,25.129,6.5255,112.0305,3.571
58,LC_Frontier_5Cabinet,29.86,26.532,29.86,1530.67,382.67,23.136,25.127,6.5103,111.9142,3.575
59,LC_Frontier_5Cabinet,29.669,26.454,29.669,1528.22,382.05,23.134,25.124,6.482,111.7829,3.579
60,LC_Frontier_5Cabinet,29.498,26.384,29.498,1525.75,381.44,23.132,25.122,6.4422,111.6487,3.583
61,LC_Frontier_5Cabinet,29.356,26.332,29.356,1523.47,380.87,23.131,25.12,6.3922,111.5333,3.587
62,LC_Frontier_5Cabinet,29.199,26.289,29.199,1521.44,380.36,23.129,25.117,6.3332,111.4443,3.592
63,LC_Frontier_5Cabinet,29.02,26.229,29.02,1519.57,379.89,23.127,25.115,6.2665,111.3703,3.596
64,LC_Frontier_5Cabinet,28.863,26.175,28.863,1517.77,379.44,23.125,25.113,6.1932,111.3006,3.6
65,LC_Frontier_5Cabinet,28.737,26.13,28.737,1516.09,379.02,23.123,25.111,6.1143,111.2442,3.604
66,LC_Frontier_5Cabinet,28.638,26.1,28.638,1514.68,378.67,23.121,25.11,6.031,111.2155,3.608
67,LC_Frontier_5Cabinet,28.568,26.084,28.568,1513.64,378.41,23.119,25.108,5.9443,111.2264,3.612
68,LC_Frontier_5Cabinet,28.522,26.083,28.522,1513.02,378.26,23.117,25.106,5.8548,111.284,3.617
69,LC_Frontier_5Cabinet,28.488,26.09,28.488,1512.8,378.2,23.115,25.104,5.7632,111.3833,3.621
70,LC_Frontier_5Cabinet,28.462,26.102,28.462,1512.76,378.19,23.113,25.102,5.6697,111.4997,3.625
71,LC_Frontier_5Cabinet,28.468,26.124,28.468,1512.62,378.16,23.111,25.1,5.5745,111.6046,3.629
72,LC_Frontier_5Cabinet,28.508,26.169,28.508,1512.18,378.04,23.11,25.098,5.4775,111.6724,3.633
73,LC_Frontier_5Cabinet,28.554,26.223,28.554,1511.18,377.79,23.108,25.095,5.3783,111.6756,3.638
74,LC_Frontier_5Cabinet,28.6,26.279,28.6,1509.41,377.35,23.106,25.093,5.2769,111.5918,3.642
75,LC_Frontier_5Cabinet,28.701,26.349,28.701,1506.98,376.74,23.104,25.09,5.1735,111.4315,3.646
76,LC_Frontier_5Cabinet,28.866,26.467,28.866,1504.03,376.01,23.102,25.087,5.0689,111.2124,3.65
77,LC_Frontier_5Cabinet,29.029,26.595,29.029,1500.68,375.17,23.1,25.084,4.9635,110.9485,3.654
78,LC_Frontier_5Cabinet,29.173,26.725,29.173,1497.03,374.26,23.098,25.08,4.8578,110.6513,3.658
79,LC_Frontier_5Cabinet,29.295,26.847,29.295,1493.18,373.3,23.096,25.077,4.7522,110.3301,3.663
80,LC_Frontier_5Cabinet,29.403,26.958,29.403,1489.19,372.3,23.094,25.073,4.647,109.9933,3.667
81,LC_Frontier_5Cabinet,29.509,27.069,29.509,1485.12,371.28,23.092,25.069,4.5424,109.6484,3.671
82,LC_Frontier_5Cabinet,29.616,27.181,29.616,1481.16,370.29,23.09,25.065,4.4387,109.3173,3.675
83,LC_Frontier_5Cabinet,29.724,27.295,29.724,1477.51,369.38,23.088,25.061,4.3358,109.0202,3.679
84,LC_Frontier_5Cabinet,29.834,27.411,29.834,1474.3,368.57,23.086,25.057,4.2339,108.7709,3.683
85,LC_Frontier_5Cabinet,29.945,27.529,29.945,1471.6,367.9,23.084,25.053,4.1332,108.5784,3.688
86,LC_Frontier_5Cabinet,30.055,27.648,30.055,1469.54,367.38,23.082,25.049,4.0338,108.4543,3.692
87,LC_Frontier_5Cabinet,30.155,27.765,30.155,1468.13,367.03,23.08,25.045,3.9362,108.4012,3.696
88,LC_Frontier_5Cabinet,30.249,27.874,30.249,1467.35,366.84,23.078,25.041,3.8424,108.4152,3.7
89,LC_Frontier_5Cabinet,30.346,27.983,30.346,1467.05,366.76,23.076,25.037,3.753,108.4798,3.704
90,LC_Frontier_5Cabinet,30.448,28.094,30.448,1467.08,366.77,23.074,25.033,3.6688,108.5802,3.708
91,LC_Frontier_5Cabinet,30.554,28.206,30.554,1467.33,366.83,23.072,25.03,3.5907,108.7034,3.712
92,LC_Frontier_5Cabinet,30.663,28.318,30.663,1467.68,366.92,23.07,25.026,3.5202,108.8363,3.717
93,LC_Frontier_5Cabinet,30.772,28.418,30.772,1468.07,367.02,23.068,25.023,3.4805,108.975,3.721
94,LC_Frontier_5Cabinet,30.887,28.489,30.887,1468.64,367.16,23.066,25.021,3.4987,109.1341,3.725
95,LC_Frontier_5Cabinet,30.979,28.514,30.979,1469.55,367.39,23.064,25.019,3.5902,109.3298,3.729
96,LC_Frontier_5Cabinet,31.037,28.47,31.037,1470.84,367.71,23.062,25.017,3.7509,109.5687,3.733
97,LC_Frontier_5Cabinet,31.079,28.38,31.079,1472.52,368.13,23.06,25.015,3.9648,109.8526,3.737
98,LC_Frontier_5Cabinet,31.106,28.256,31.106,1474.62,368.65,23.058,25.013,4.2164,110.1823,3.742
99,LC_Frontier_5Cabinet,31.092,28.099,31.092,1477.02,369.25,23.056,25.012,4.4896,110.5474,3.746
100,LC_Frontier_5Cabinet,31.03,27.903,31.03,1479.55,369.89,23.054,25.011,4.7743,110.9285,3.75
101,LC_Frontier_5Cabinet,30.936,27.693,30.936,1481.98,370.49,23.053,25.01,5.0623,111.2978,3.754
102,LC_Frontier_5Cabinet,30.818,27.505,30.818,1483.94,370.99,23.051,25.008,5.3328,111.614,3.758
103,LC_Frontier_5Cabinet,30.683,27.33,30.683,1485.05,371.26,23.049,25.007,5.5598,111.8315,3.763
104,LC_Frontier_5Cabinet,30.529,27.17,30.529,1485.07,371.27,23.047,25.006,5.7352,111.9239,3.767
105,LC_Frontier_5Cabinet,30.364,27.026,30.364,1484.16,371.04,23.046,25.005,5.8671,111.9106,3.771
106,LC_Frontier_5Cabinet,30.19,26.894,30.19,1482.57,370.64,23.044,25.004,5.9638,111.8179,3.775
107,LC_Frontier_5Cabinet,30.023,26.776,30.023,1480.59,370.15,23.042,25.003,6.0311,111.6812,3.779
108,LC_Frontier_5Cabinet,29.871,26.677,29.871,1478.49,369.62,23.04,25.001,6.0737,111.531,3.783
109,LC_Frontier_5Cabinet,29.732,26.594,29.732,1476.45,369.11,23.039,24.999,6.0952,111.3882,3.788
110,LC_Frontier_5Cabinet,29.607,26.524,29.607,1474.53,368.63,23.037,24.998,6.0988,111.2578,3.792
111,LC_Frontier_5Cabinet,29.498,26.469,29.498,1472.76,368.19,23.035,24.996,6.087,111.1426,3.796
112,LC_Frontier_5Cabinet,29.402,26.425,29.402,1471.22,367.8,23.033,24.993,6.0619,111.0544,3.8
113,LC_Frontier_5Cabinet,29.316,26.392,29.316,1469.99,367.5,23.031,24.991,6.0251,111.0015,3.804
114,LC_Frontier_5Cabinet,29.236,26.366,29.236,1469.11,367.28,23.03,24.989,5.9781,110.9871,3.808
115,LC_Frontier_5Cabinet,29.153,26.342,29.153,1468.42,367.11,23.028,24.986,5.9223,110.994,3.812
116,LC_Frontier_5Cabinet,29.072,26.32,29.072,1467.79,366.95,23.026,24.984,5.8595,111.0055,3.817
117,LC_Frontier_5Cabinet,29.005,26.304,29.005,1467.26,366.82,23.024,24.981,5.7909,111.0293,3.821
118,LC_Frontier_5Cabinet,28.948,26.297,28.948,1466.99,366.75,23.022,24.978,5.7178,111.0827,3.825
119,LC_Frontier_5Cabinet,28.93,26.3,28.93,1467.06,366.77,23.021,24.976,5.641,111.1763,3.829
120,LC_Frontier_5Cabinet,28.958,26.335,28.958,1467.45,366.86,23.019,24.973,5.5612,111.306,3.833
121,LC_Frontier_5Cabinet,28.994,26.381,28.994,1467.95,366.99,23.017,24.971,5.4789,111.4475,3.837
122,LC_Frontier_5Cabinet,29.03,26.428,29.03,1468.34,367.08,23.015,24.968,5.3942,111.576,3.842
123,LC_Frontier_5Cabinet,29.107,26.487,29.107,1468.41,367.1,23.013,24.965,5.3071,111.6674,3.846
124,LC_Frontier_5Cabinet,29.229,26.579,29.229,1467.9,366.98,23.012,24.963,5.2173,111.6928,3.85
125,LC_Frontier_5Cabinet,29.35,26.681,29.35,1466.62,366.66,23.01,24.96,5.1247,111.6274,3.854
126,LC_Frontier_5Cabinet,29.462,26.779,29.462,1464.63,366.16,23.008,24.957,5.0298,111.4808,3.858
127,LC_Frontier_5Cabinet,29.576,26.879,29.576,1462.08,365.52,23.006,24.954,4.9331,111.2711,3.862
128,LC_Frontier_5Cabinet,29.694,26.993,29.694,1459.12,364.78,23.005,24.951,4.8353,111.0137,3.867
129,LC_Frontier_5Cabinet,29.809,27.108,29.809,1455.83,363.96,23.003,24.948,4.7367,110.7202,3.871
130,LC_Frontier_5Cabinet,29.923,27.224,29.923,1452.3,363.07,23.001,24.945,4.6379,110.4003,3.875
131,LC_Frontier_5Cabinet,30.014,27.334,30.014,1448.59,362.15,22.999,24.942,4.5391,110.0617,3.879
132,LC_Frontier_5Cabinet,30.078,27.426,30.078,1444.78,361.19,22.997,24.94,4.4407,109.7118,3.883
133,LC_Frontier_5Cabinet,30.144,27.515,30.144,1440.92,360.23,22.995,24.937,4.3429,109.3575,3.888
134,LC_Frontier_5Cabinet,30.222,27.61,30.222,1437.06,359.26,22.993,24.934,4.246,109.0047,3.892
135,LC_Frontier_5Cabinet,30.287,27.707,30.287,1433.25,358.31,22.991,24.931,4.1502,108.659,3.896
136,LC_Frontier_5Cabinet,30.33,27.786,30.33,1429.72,357.43,22.989,24.928,4.0568,108.3482,3.9
137,LC_Frontier_5Cabinet,30.378,27.862,30.378,1426.87,356.72,22.987,24.926,3.9666,108.1152,3.904
138,LC_Frontier_5Cabinet,30.439,27.946,30.439,1424.9,356.23,22.985,24.923,3.8794,107.9818,3.908
139,LC_Frontier_5Cabinet,30.512,28.037,30.512,1423.75,355.94,22.983,24.921,3.7951,107.9375,3.913
140,LC_Frontier_5Cabinet,30.592,28.133,30.592,1423.24,355.81,22.981,24.918,3.7144,107.9629,3.917
141,LC_Frontier_5Cabinet,30.675,28.23,30.675,1423.21,355.8,22.979,24.916,3.6382,108.04,3.921
142,LC_Frontier_5Cabinet,30.756,28.325,30.756,1423.5,355.88,22.977,24.914,3.5691,108.1533,3.925
143,LC_Frontier_5Cabinet,30.835,28.403,30.835,1424.14,356.04,22.975,24.912,3.5322,108.305,3.929
144,LC_Frontier_5Cabinet,30.917,28.451,30.917,1425.16,356.29,22.973,24.91,3.551,108.4987,3.933
145,LC_Frontier_5Cabinet,30.999,28.462,30.999,1426.51,356.63,22.972,24.908,3.639,108.7267,3.938
146,LC_Frontier_5Cabinet,31.079,28.429,31.079,1428.04,357.01,22.97,24.907,3.7945,108.9714,3.942
147,LC_Frontier_5Cabinet,31.164,28.362,31.164,1429.68,357.42,22.968,24.906,4.0023,109.2242,3.946
148,LC_Frontier_5Cabinet,31.245,28.272,31.245,1431.49,357.87,22.966,24.906,4.2475,109.4937,3.95
149,LC_Frontier_5Cabinet,31.296,28.149,31.296,1433.59,358.4,22.964,24.905,4.5141,109.7929,3.954
