config,scenario,seed,final_poa,welfare_dc,welfare_mfg,shapley_fairness,n_rounds,converged,convergence_rate,model_path_in_volume
D_FW3,S1,0,0.8550552725791931,209856.54212026417,263715.8205977219,0.7957677383352145,2,True,1.0,D_FW3/S1_seed0.zip
D_FW3,S1,1,0.8658563494682312,214045.89869521547,265508.6404577644,0.8061730056173614,2,True,1.0,D_FW3/S1_seed1.zip
D_FW3,S1,2,0.8605229258537292,208696.58453775098,267904.03794633696,0.7789975326148476,4,True,1.0,D_FW3/S1_seed2.zip
D_FW3,S1,3,0.8633025884628296,200103.8130180993,278036.3256020389,0.719703846556055,2,True,1.0,D_FW3/S1_seed3.zip
D_FW3,S1,4,0.9084421992301941,208344.22646479664,294796.48557884636,0.706739179931888,4,True,1.0,D_FW3/S1_seed4.zip
D_FW3,S1,5,0.8472707867622375,216098.57825946427,253162.346988801,0.8535968355081791,2,True,1.0,D_FW3/S1_seed5.zip
D_FW3,S1,6,0.8835486173629761,221272.7891238555,268080.61260262877,0.825396461816671,2,True,1.0,D_FW3/S1_seed6.zip
D_FW3,S1,7,0.9132593274116516,212727.49704267117,293081.1814442721,0.7258313071974575,3,True,1.0,D_FW3/S1_seed7.zip
D_FW3,S1,8,0.8205885291099548,201744.31282586156,252738.64402168692,0.7982329477424528,2,True,1.0,D_FW3/S1_seed8.zip
D_FW3,S1,9,0.8800199627876277,203516.98779382312,283882.0685961045,0.7169068085218814,2,True,1.0,D_FW3/S1_seed9.zip
D_FW3,S1,10,0.8945512771606445,208938.76732312495,286508.457532298,0.729258637328608,5,True,1.0,D_FW3/S1_seed10.zip
D_FW3,S1,11,0.8502887487411499,194300.66360301725,276631.7598872686,0.7023801738534925,2,True,1.0,D_FW3/S1_seed11.zip
D_FW3,S1,12,0.8682263493537903,220331.10096862065,260536.0626209761,0.8456836982646617,2,True,1.0,D_FW3/S1_seed12.zip
D_FW3,S1,13,0.8378534317016602,213707.51037421744,250337.61277374704,0.8536771921979001,2,True,1.0,D_FW3/S1_seed13.zip
D_FW3,S1,14,0.9199721217155457,214826.94379640903,294699.61581574596,0.7289692020865217,5,True,1.0,D_FW3/S1_seed14.zip
D_FW3,S1,15,0.825331449508667,191325.22599057027,265784.59731980495,0.7198506908222319,2,True,1.0,D_FW3/S1_seed15.zip
D_FW3,S1,16,0.850668728351593,192837.36094474196,278305.5142527878,0.692898096045577,2,True,1.0,D_FW3/S1_seed16.zip
D_FW3,S1,17,0.8499341607093811,217877.23213170184,252858.8027771889,0.861655713539419,3,True,1.0,D_FW3/S1_seed17.zip
D_FW3,S1,18,0.884953498840332,205152.3724557665,284979.12287695135,0.7198856196365919,5,True,1.0,D_FW3/S1_seed18.zip
D_FW3,S1,19,0.8254299759864807,210254.0368097835,246910.35539032886,0.8515399707614649,3,True,1.0,D_FW3/S1_seed19.zip
D_FW3,S1,20,0.9108020067214966,219817.2343297697,284630.4570929312,0.7722899248902235,4,True,1.0,D_FW3/S1_seed20.zip
D_FW3,S1,21,0.8571466207504272,206106.47086901436,268624.1850336098,0.7672669936373256,2,True,1.0,D_FW3/S1_seed21.zip
D_FW3,S1,22,0.9230663776397704,209368.2341180864,301872.07913770044,0.6935660784400739,4,True,1.0,D_FW3/S1_seed22.zip
D_FW3,S1,23,0.8702398538589478,199637.25115003187,282345.09190974635,0.7070682539572792,3,True,1.0,D_FW3/S1_seed23.zip
D_FW3,S1,24,0.8660102486610413,212225.38628371718,267414.3899372005,0.7936199182607794,2,True,1.0,D_FW3/S1_seed24.zip
D_FW3,S1,25,0.8580735921859741,202317.14736632668,272926.9116658751,0.7412869113252172,2,True,1.0,D_FW3/S1_seed25.zip
D_FW3,S1,26,0.8256274461746216,200438.3792084951,256835.38185531905,0.7804157579869835,2,True,1.0,D_FW3/S1_seed26.zip
D_FW3,S1,27,0.8532963991165161,200931.11390346327,271667.0967472192,0.7396225612497559,2,True,1.0,D_FW3/S1_seed27.zip
D_FW3,S1,28,0.7990037202835083,204806.07944839814,237722.13103062293,0.8615356027664727,5,True,1.0,D_FW3/S1_seed28.zip
D_FW3,S1,29,0.8696593046188354,206062.0160514619,275598.7898116801,0.7476883922177832,3,True,1.0,D_FW3/S1_seed29.zip
D_FW3,S2,0,0.8571611046791077,209101.89647420967,264985.338912758,0.7891074175354771,2,True,1.0,D_FW3/S2_seed0.zip
D_FW3,S2,1,0.8501566052436829,212017.38924377246,258195.7275504561,0.8211498743810178,2,True,1.0,D_FW3/S2_seed1.zip
D_FW3,S2,2,0.8554145097732544,214424.8724420072,258696.33876848206,0.8288670549524281,2,True,1.0,D_FW3/S2_seed2.zip
D_FW3,S2,3,0.8441462516784668,213572.20068913684,253316.64965170636,0.8431036845891668,2,True,1.0,D_FW3/S2_seed3.zip
D_FW3,S2,4,0.9239650964736938,213237.52686850415,297798.32834013115,0.7160467557257552,4,True,1.0,D_FW3/S2_seed4.zip
D_FW3,S2,5,0.8591370582580566,215443.88375321229,259736.23179873626,0.8294718155461458,2,True,1.0,D_FW3/S2_seed5.zip
D_FW3,S2,6,0.8895038962364197,216239.52047090113,275736.18949850026,0.7842261143312029,2,True,1.0,D_FW3/S2_seed6.zip
D_FW3,S2,7,0.8981490731239319,209793.62311167544,286963.64774244005,0.7310808346706428,2,True,1.0,D_FW3/S2_seed7.zip
D_FW3,S2,8,0.8439016342163086,203213.61965676973,263539.9352119284,0.7710923184881012,2,True,1.0,D_FW3/S2_seed8.zip
D_FW3,S2,9,0.8937196135520935,202976.69539526786,291330.68566425954,0.6967226776419496,2,True,1.0,D_FW3/S2_seed9.zip
D_FW3,S2,10,0.8931862711906433,205404.58449192252,288607.8102409104,0.7117083363768448,6,True,1.0,D_FW3/S2_seed10.zip
D_FW3,S2,11,0.8577885627746582,197919.1489466897,276515.127238346,0.7157624645109948,2,True,1.0,D_FW3/S2_seed11.zip
D_FW3,S2,12,0.8588012456893921,220438.85022293503,254555.53075541084,0.8659754889974997,2,True,1.0,D_FW3/S2_seed12.zip
D_FW3,S2,13,0.8254813551902771,213966.678622936,242598.80411925438,0.8819774664583936,2,True,1.0,D_FW3/S2_seed13.zip
D_FW3,S2,14,0.904811680316925,211736.04538427584,288706.24688221223,0.7333961342050941,4,True,1.0,D_FW3/S2_seed14.zip
D_FW3,S2,15,0.820877730846405,188211.5558656639,265807.7082881743,0.7080741076989948,2,True,1.0,D_FW3/S2_seed15.zip
D_FW3,S2,16,0.8566890358924866,202356.3472651216,271469.79159665375,0.7454101838549317,2,True,1.0,D_FW3/S2_seed16.zip
D_FW3,S2,17,0.8862563967704773,220255.17446866323,269924.37602112006,0.8159884546752808,3,True,1.0,D_FW3/S2_seed17.zip
D_FW3,S2,18,0.8697870969772339,195612.40634209572,285458.1391250426,0.685257764734497,2,True,1.0,D_FW3/S2_seed18.zip
D_FW3,S2,19,0.8227003216743469,207792.21295352478,247235.10796133976,0.8404640209351552,3,True,1.0,D_FW3/S2_seed19.zip
D_FW3,S2,20,0.9461535811424256,220138.907013823,303169.1771802412,0.7261256208870639,6,True,1.0,D_FW3/S2_seed20.zip
D_FW3,S2,21,0.8426687717437744,202338.75201211902,263732.9189516452,0.7672108313836145,2,True,1.0,D_FW3/S2_seed21.zip
D_FW3,S2,22,0.9203049540519714,217004.47331090612,292006.99372569873,0.7431482052609758,4,True,1.0,D_FW3/S2_seed22.zip
D_FW3,S2,23,0.8509030342102051,203224.50694537337,267401.45224594895,0.7599977682935418,2,True,1.0,D_FW3/S2_seed23.zip
D_FW3,S2,24,0.8487972021102905,207276.63971631767,262184.6047988629,0.7905751746000935,2,True,1.0,D_FW3/S2_seed24.zip
D_FW3,S2,25,0.8481358289718628,204709.34008216314,264386.1055638844,0.7742817635804189,2,True,1.0,D_FW3/S2_seed25.zip
D_FW3,S2,26,0.8578854203224182,201748.95825810745,272738.8888680188,0.73971467397059,2,True,1.0,D_FW3/S2_seed26.zip
D_FW3,S2,27,0.8504790663719178,202859.8374942289,267531.6293254151,0.7582648750943688,2,True,1.0,D_FW3/S2_seed27.zip
D_FW3,S2,28,0.8106915950775146,201822.22216070158,246563.192160721,0.81854156896681,4,True,1.0,D_FW3/S2_seed28.zip
D_FW3,S2,29,0.8897634148597717,213823.1567326308,278296.09039216035,0.7683297182914867,3,True,1.0,D_FW3/S2_seed29.zip
D_FW3,S3,0,0.8055661916732793,186990.05391202754,129073.8413909835,0.6902711598324278,3,True,1.0,D_FW3/S3_seed0.zip
D_FW3,S3,1,0.7788171768188478,193978.34657895667,111590.57274591821,0.5752733473294994,2,True,1.0,D_FW3/S3_seed1.zip
D_FW3,S3,2,0.7925644516944886,182550.17186845007,128412.4907538825,0.7034367014807281,2,True,1.0,D_FW3/S3_seed2.zip
D_FW3,S3,3,0.7601948380470274,185945.30838616507,112317.13632158612,0.6040331821028233,2,True,1.0,D_FW3/S3_seed3.zip
D_FW3,S3,4,0.8651928305625913,205588.20391909714,133870.20315213557,0.6511570245772272,4,True,1.0,D_FW3/S3_seed4.zip
D_FW3,S3,5,0.8050595521926882,194444.88271731112,121420.23258549007,0.6244455029552712,2,True,1.0,D_FW3/S3_seed5.zip
D_FW3,S3,6,0.8016182780265813,193182.8978016652,121332.03358206386,0.6280681932136232,2,True,1.0,D_FW3/S3_seed6.zip
D_FW3,S3,7,0.789417862892151,168365.33987143342,141362.75863430198,0.8396191207896416,2,True,1.0,D_FW3/S3_seed7.zip
D_FW3,S3,8,0.7824578285217286,184991.39975805022,122005.92926244996,0.6595221692577126,2,True,1.0,D_FW3/S3_seed8.zip
D_FW3,S3,9,0.7540200948715211,188547.8371575392,107291.94706530204,0.5690436373218924,2,True,1.0,D_FW3/S3_seed9.zip
D_FW3,S3,10,0.7965980172157289,177268.16665995948,135277.06539463173,0.763121026992533,4,True,1.0,D_FW3/S3_seed10.zip
D_FW3,S3,11,0.7930910587310792,183740.81004757824,127428.46684556063,0.6935229403449561,3,True,1.0,D_FW3/S3_seed11.zip
D_FW3,S3,12,0.8195267915725712,210204.00003173543,111337.33664176283,0.5296632634248337,4,True,1.0,D_FW3/S3_seed12.zip
D_FW3,S3,13,0.7686454057693486,185550.6563403938,116027.36861321004,0.6253137062493443,2,True,1.0,D_FW3/S3_seed13.zip
D_FW3,S3,14,0.8195925951004026,195649.1005333209,125918.05415432206,0.6435912754573434,4,True,1.0,D_FW3/S3_seed14.zip
D_FW3,S3,15,0.7690042853355409,189741.93331146525,111976.89803993418,0.5901536686469923,3,True,1.0,D_FW3/S3_seed15.zip
D_FW3,S3,16,0.7914690971374516,176424.1215605844,134108.77870129465,0.7601499019239353,3,True,1.0,D_FW3/S3_seed16.zip
D_FW3,S3,17,0.7993640899658204,196512.82975240602,117117.67094568358,0.5959797693272475,3,True,1.0,D_FW3/S3_seed17.zip
D_FW3,S3,18,0.7807970046997071,185174.55028797608,121171.15450595396,0.6543618133135106,3,True,1.0,D_FW3/S3_seed18.zip
D_FW3,S3,19,0.7524073719978333,186345.2969784283,108861.73542492151,0.5841936297298854,4,True,1.0,D_FW3/S3_seed19.zip
D_FW3,S3,20,0.7932940721511842,179011.2617782987,132237.66743021837,0.7387114426018161,2,True,1.0,D_FW3/S3_seed20.zip
D_FW3,S3,21,0.8018166422843931,193738.83977352866,120853.91982675297,0.6237980983473695,2,True,1.0,D_FW3/S3_seed21.zip
D_FW3,S3,22,0.8270570635795595,192871.53701703504,131624.30187840512,0.6824454448495408,3,True,1.0,D_FW3/S3_seed22.zip
D_FW3,S3,23,0.8141571879386903,182346.5823205514,137087.9903671937,0.7517990664952712,2,True,1.0,D_FW3/S3_seed23.zip
D_FW3,S3,24,0.8091626763343813,196909.25110251803,120565.72495727646,0.6122908105242124,2,True,1.0,D_FW3/S3_seed24.zip
D_FW3,S3,25,0.809950351715088,193652.17994860187,124131.84054681286,0.6410040960022203,2,True,1.0,D_FW3/S3_seed25.zip
D_FW3,S3,26,0.7877730727195742,188868.47519132376,120214.28989020117,0.6364973814101273,2,True,1.0,D_FW3/S3_seed26.zip
D_FW3,S3,27,0.7881634235382081,197147.98300311447,112087.93622210142,0.5685472126809972,2,True,1.0,D_FW3/S3_seed27.zip
D_FW3,S3,28,0.7145153284072876,189064.67768217184,91275.41141842738,0.48277347486274697,4,True,1.0,D_FW3/S3_seed28.zip
D_FW3,S3,29,0.7795414328575135,186347.71834490166,119505.36283674373,0.641303064497722,2,True,1.0,D_FW3/S3_seed29.zip
