config,seed,scenario,convergence_rate,timeout_rate,mean_rounds,welfare_dc,welfare_mfg,shapley_fairness,price_of_anarchy
A0,0,S1,1.0,0.0,2.0,229220.53604125977,178204.98991012573,0.7774390243902439,0.7356243134058883
A0,0,S2,1.0,0.0,2.0,242550.27777643787,278811.05490176094,0.8699449807035109,0.9426338077250085
A0,0,S3,1.0,0.0,2.0,178025.53627490997,80863.71189951897,0.45422535211267606,0.6598426104052929
A0,0,S4,1.0,0.0,2.0,472757.6957702637,367540.2817726135,0.7774390243902439,0.6005560160102811
A0,0,S5,1.0,0.0,7.0,1421519.500070191,1107846.7986488342,0.7793398533007334,0.6998223662865338
A0,0,S6,1.0,0.0,12.0,1127784.0299606323,512268.09811592085,0.4542253521126759,0.7091197371978277
A0,0,S7,1.0,0.0,2.0,500405.99784851074,389035.1507663727,0.7774390243902439,0.6356783509698578
A0,0,S8,1.0,0.0,2.0,9878833.288453044,15178131.898428975,0.6508596284813918,0.8783349991458379
A0,0,S9,1.0,0.0,2.0,960532.9242706299,436298.40574264526,0.45422535211267606,0.603956818622823
A0,0,S_AIR_M,1.0,0.0,7.0,1421519.500070191,1107846.7986488342,0.7793398533007334,0.6998223662865338
A0,1,S1,1.0,0.0,2.0,247179.660654068,192167.11422801018,0.7774390243902439,0.7932595015126372
A0,1,S2,1.0,0.0,2.0,230392.11606502533,179553.7579357624,0.7793398533007335,0.7411919832747466
A0,1,S3,1.0,0.0,2.0,174247.5486755371,79147.6541519165,0.45422535211267606,0.6458396912072321
A0,1,S4,1.0,0.0,2.0,545588.1248474121,424161.49950027466,0.7774390243902439,0.6930743456371063
A0,1,S5,1.0,0.0,5.0,1504294.8754516607,1172356.947555542,0.7793398533007334,0.7405731678526438
A0,1,S6,1.0,0.0,2.0,1019976.6412734985,463299.24902915955,0.45422535211267606,0.6413334012479625
A0,1,S7,1.0,0.0,2.0,549259.3002319336,427015.6145095825,0.7774390243902439,0.6977379322539482
A0,1,S8,1.0,0.0,2.0,10562931.37206443,12861726.320189161,0.8212685536220522,0.8211168647386117
A0,1,S9,1.0,0.0,2.0,987337.3174667358,448473.6406803131,0.45422535211267606,0.6208106875853348
A0,1,S_AIR_M,1.0,0.0,5.0,1504294.8754516607,1172356.947555542,0.7793398533007334,0.7405731678526438
A0,2,S1,1.0,0.0,2.0,216275.97653865814,168141.38419926167,0.7774390243902439,0.6940820813663953
A0,2,S2,1.0,0.0,2.0,201462.07965373993,157007.42760300636,0.7793398533007335,0.6481214762186833
A0,2,S3,1.0,0.0,2.0,178942.38132238388,81280.16616404057,0.45422535211267606,0.6632408500181097
A0,2,S4,1.0,0.0,16.0,787200.0,612000.0,0.7774390243902439,1.000000000069866
A0,2,S5,1.0,0.0,9.0,1578739.259835816,1230374.423160553,0.7793398533007334,0.7772225738114726
A0,2,S6,1.0,0.0,2.0,943359.252166748,428497.6884841919,0.45422535211267606,0.5931584835466902
A0,2,S7,1.0,0.0,2.0,475760.39085388184,369874.694108963,0.7774390243902439,0.6043704152529488
A0,2,S8,1.0,0.0,2.0,6977784.146056751,20108140.067734137,0.347012907337632,0.9494571686454356
A0,2,S9,1.0,0.0,17.0,1311628.4713745117,595774.9042510986,0.45422535211267606,0.8247160912136249
A0,2,S_AIR_M,1.0,0.0,9.0,1578739.259835816,1230374.423160553,0.7793398533007334,0.7772225738114726
A0,3,S1,1.0,0.0,2.0,233513.53172648518,271241.171598548,0.8609073996778709,0.9113563299815817
A0,3,S2,1.0,0.0,2.0,225464.641424401,284372.3126059936,0.7928501876931642,0.9217974544215507
A0,3,S3,1.0,0.0,2.0,189121.94561958313,85903.98234128952,0.45422535211267606,0.7009708881867919
A0,3,S4,1.0,0.0,2.0,532841.0139257038,754236.44626793,0.7064641553219521,0.919866681163205
A0,3,S5,1.0,0.0,15.0,2031257.6000000006,1583040.0,0.7793398533007334,1.0000000000698654
A0,3,S6,1.0,0.0,2.0,1069152.4236679077,485636.1361026762,0.4542253521126759,0.6722537875645147
A0,3,S7,1.0,0.0,2.0,607301.3040674569,773281.9945680262,0.7853555473080819,0.9866947532389498
A0,3,S8,1.0,0.0,2.0,9713688.49264035,14768914.066532753,0.657711761940043,0.8582015634182654
A0,3,S9,1.0,0.0,2.0,1169415.534210205,531178.1827926633,0.4542253521126759,0.7352964878595991
A0,3,S_AIR_M,1.0,0.0,15.0,2031257.6000000006,1583040.0,0.7793398533007334,1.0000000000698654
A0,4,S1,1.0,0.0,2.0,235282.1334809065,318567.8665190935,0.7385620403331069,1.0000000000698672
A0,4,S2,1.0,0.0,2.0,246025.1387937292,248281.97853193438,0.9909101749891405,0.893719136777377
A0,4,S3,1.0,0.0,2.0,169362.37736940384,76928.68549525738,0.45422535211267606,0.6277330518207436
A0,4,S4,1.0,0.0,6.0,551152.3658752441,428487.35761642456,0.7774390243902439,0.7001427412522242
A0,4,S5,1.0,0.0,2.0,1405976.1058654785,1095733.2120895386,0.7793398533007335,0.6921702623850896
A0,4,S6,1.0,0.0,17.0,1314631.2997817993,597138.8650417328,0.45422535211267606,0.8266041875463068
A0,4,S7,1.0,0.0,2.0,535062.1994018555,415978.23429107666,0.7774390243902439,0.6797029972551296
A0,4,S8,1.0,0.0,2.0,10223268.797340222,14747442.437586956,0.6932231700924684,0.8753114939347503
A0,4,S9,1.0,0.0,5.0,1033692.9418563843,469529.5404911041,0.45422535211267606,0.6499578357196953
A0,4,S_AIR_M,1.0,0.0,2.0,1405976.1058654785,1095733.2120895386,0.7793398533007335,0.6921702623850896
A0,5,S1,1.0,0.0,2.0,235628.17319833272,190966.44966996677,0.8104567763602142,0.7702349424900324
A0,5,S2,1.0,0.0,2.0,225384.85954005166,238197.09781568602,0.9462116104976708,0.8381673098196079
A0,5,S3,1.0,0.0,2.0,184484.41076278687,83797.49643802643,0.45422535211267606,0.6837821007252638
A0,5,S4,1.0,0.0,6.0,564401.0101318359,438787.3706817627,0.7774390243902439,0.7169728279614689
A0,5,S5,1.0,0.0,5.0,1390515.2830291751,1083683.976688385,0.7793398533007334,0.6845588088513854
A0,5,S6,1.0,0.0,2.0,1066137.3666763306,484266.6207790373,0.4542253521126759,0.6703580022326562
A0,5,S7,1.0,0.0,4.0,553695.1435089111,430464.21217918396,0.7774390243902439,0.7033728957667625
A0,5,S8,1.0,0.0,2.0,9749564.634744968,15557699.570031323,0.6266713527188482,0.8871088624620334
A0,5,S9,1.0,0.0,2.0,1046163.9175415039,475194.17381286604,0.4542253521126759,0.6577992439729592
A0,5,S_AIR_M,1.0,0.0,5.0,1390515.2830291751,1083683.976688385,0.7793398533007334,0.6845588088513854
A0,6,S1,1.0,0.0,2.0,235805.61773777008,183324.48939979076,0.7774390243902439,0.7567574382357034
A0,6,S2,1.0,0.0,2.0,236856.41911268234,184591.6469246149,0.7793398533007335,0.7619882226522676
A0,6,S3,1.0,0.0,2.0,183483.71764421463,83342.95625388622,0.45422535211267606,0.6800730824945664
A0,6,S4,1.0,0.0,17.0,787200.0,612000.0,0.7774390243902439,1.000000000069866
A0,6,S5,1.0,0.0,9.0,1612583.3508026127,1256750.4720497131,0.7793398533007334,0.7938842177945703
A0,6,S6,1.0,0.0,2.0,1083419.0105438232,492116.38154983503,0.4542253521126759,0.6812242269991929
A0,6,S7,1.0,0.0,2.0,477391.72450706415,508608.5767109687,0.938623032262304,0.7046886086956264
A0,6,S8,1.0,0.0,2.0,7826762.579865703,14604582.046000712,0.5359114389726046,0.7862977386070286
A0,6,S9,1.0,0.0,2.0,980977.600479126,445584.89599227905,0.45422535211267606,0.6168118715717192
A0,6,S_AIR_M,1.0,0.0,9.0,1612583.3508026127,1256750.4720497131,0.7793398533007334,0.7938842177945703
A0,7,S1,1.0,0.0,5.0,220392.7321434021,171341.91066026688,0.7774390243902439,0.7072937489050075
A0,7,S2,1.0,0.0,2.0,220895.5119120327,192447.35315509167,0.8712144103304832,0.7473338246867662
A0,7,S3,1.0,0.0,2.0,182883.40147733688,83070.27743160725,0.45422535211267606,0.6778480411049457
A0,7,S4,1.0,0.0,2.0,482855.42221069336,375390.64836502075,0.7774390243902439,0.6133834124039995
A0,7,S5,1.0,0.0,16.0,1943383.5031555172,1514556.2142562866,0.7793398533007335,0.9567390680981539
A0,7,S6,1.0,0.0,16.0,1278514.2234802246,580733.5733413696,0.45422535211267606,0.8038947582806516
A0,7,S7,1.0,0.0,2.0,547831.2194824219,425905.36880493164,0.7774390243902439,0.6959238052854377
A0,7,S8,1.0,0.0,2.0,8535542.85393549,14785676.751236191,0.5772845570441585,0.8174909949873818
A0,7,S9,1.0,0.0,13.0,1159115.0848388672,526499.4575500486,0.4542253521126759,0.7288198471578528
A0,7,S_AIR_M,1.0,0.0,16.0,1943383.5031555172,1514556.2142562866,0.7793398533007335,0.9567390680981539
A0,8,S1,1.0,0.0,2.0,211266.45315289497,342583.546847105,0.6166859298913824,1.0000000000698672
A0,8,S2,1.0,0.0,2.0,226636.49038612843,326453.5096138716,0.6942381800526317,1.0000000000698672
A0,8,S3,1.0,0.0,2.0,180382.2717308998,81934.20089185238,0.45422535211267606,0.6685777307023815
A0,8,S4,1.0,0.0,2.0,572907.6530456543,445400.7668495178,0.7774390243902439,0.7277790308507126
A0,8,S5,1.0,0.0,2.0,1423296.3584320073,1109231.5751838684,0.7793398533007334,0.7006971240533185
A0,8,S6,1.0,0.0,2.0,1038533.4705352783,471728.2313346861,0.4542253521126759,0.6530014276960737
A0,8,S7,1.0,0.0,2.0,534516.5576934814,415554.03113365173,0.7774390243902439,0.6790098548409882
A0,8,S8,1.0,0.0,2.0,8256614.9827014115,15546841.853677161,0.5310798849316486,0.8343951106654426
A0,8,S9,1.0,0.0,2.0,1087984.538269043,494190.15998840315,0.4542253521126759,0.6840949059010659
A0,8,S_AIR_M,1.0,0.0,2.0,1423296.3584320073,1109231.5751838684,0.7793398533007334,0.7006971240533185
A0,9,S1,1.0,0.0,2.0,202507.99162387848,157437.61543929577,0.7774390243902439,0.6498972774006007
A0,9,S2,1.0,0.0,2.0,210166.7342821254,257764.45822204216,0.8153441158326199,0.846030831396085
A0,9,S3,1.0,0.0,2.0,184251.56913995743,83691.73386991024,0.45422535211267606,0.6829190850735006
A0,9,S4,1.0,0.0,2.0,517968.0221557617,402688.5538101196,0.7774390243902439,0.6579878330690422
A0,9,S5,1.0,0.0,2.0,1400500.0017700195,1091465.465927124,0.7793398533007335,0.6894743443017104
A0,9,S6,1.0,0.0,2.0,986312.1070861816,448007.9641342163,0.45422535211267606,0.6201660633520439
A0,9,S7,1.0,0.0,2.0,529177.20086135,428518.8755794611,0.8097833294441901,0.684459745931762
A0,9,S8,1.0,0.0,2.0,10292386.820282852,15064913.042543015,0.6832025376593513,0.8888627887393162
A0,9,S9,1.0,0.0,2.0,1028184.2964172363,467027.37407684326,0.45422535211267606,0.6464941502069107
A0,9,S_AIR_M,1.0,0.0,2.0,1400500.0017700195,1091465.465927124,0.7793398533007335,0.6894743443017104
D,0,S1,1.0,0.0,2.0,-6069.597959518433,300950.8988261223,0.010186757215619692,0.5324208736791666
D,0,S2,1.0,0.0,6.0,-7220.727691650391,335651.0137915611,0.010873258579680595,0.5938098431048424
D,0,S3,1.0,0.0,3.0,-8256.244325637817,221370.55098116395,0.01900237529691211,0.5431739688299113
D,0,S4,1.0,0.0,16.0,787200.0,612000.0,0.7774390243902439,1.000000000069866
D,0,S5,1.0,0.0,9.0,1584437.047473145,1234814.9361419678,0.7793398533007334,0.7800276279994433
D,0,S6,1.0,0.0,19.0,1469238.8076782227,667365.514755249,0.45422535211267606,0.9238171578099041
D,0,S7,1.0,0.0,17.0,787200.0,612000.0,0.7774390243902439,1.000000000069866
D,0,S8,1.0,0.0,2.0,9382061.953958984,12283546.32005978,0.7637909858847117,0.7594559789234516
D,0,S9,1.0,0.0,18.0,1427132.4741363525,648239.7505760193,0.45422535211267606,0.8973418474824318
D,0,S_AIR_M,0.36666666666666664,0.6333333333333333,18.466666666666665,1578831.46275557,1300823.0160786642,0.7375781054180109,0.7967397258696745
D,1,S1,1.0,0.0,5.0,-6269.805800914764,310877.87096202374,0.010186757215619692,0.549982965030949
D,1,S2,1.0,0.0,7.0,-6508.151588439941,302527.3589938879,0.010873258579680595,0.5352098346130467
D,1,S3,1.0,0.0,18.0,-15200.0,407549.99999999994,0.01900237529691211,1.0000000000698666
D,1,S4,1.0,0.0,17.0,787200.0,612000.0,0.7774390243902439,1.000000000069866
D,1,S5,1.0,0.0,7.0,1541505.1420135498,1201356.3912391663,0.7793398533007335,0.7588919997745474
D,1,S6,1.0,0.0,10.0,1245301.3885498047,565647.4617004395,0.45422535211267606,0.7830114365171077
D,1,S7,1.0,0.0,20.0,787200.0,612000.0,0.7774390243902439,1.000000000069866
D,1,S8,1.0,0.0,2.0,9582516.837466063,9731629.757284818,0.9846774976506754,0.6770289540763842
D,1,S9,1.0,0.0,10.0,1177876.1030197144,535021.1876392362,0.4542253521126759,0.7406162620108192
D,1,S_AIR_M,0.13333333333333333,0.8666666666666667,18.633333333333333,1321872.208865036,1218720.3494815982,0.7698561574660153,0.7029284358111888
D,2,S1,1.0,0.0,2.0,-6299.180960655212,312334.3892991543,0.010186757215619692,0.5525597334294139
D,2,S2,1.0,0.0,9.0,-7653.757133483887,355780.11675179005,0.010873258579680595,0.6294208169423219
D,2,S3,1.0,0.0,6.0,-8535.222387313843,228850.6502598524,0.01900237529691211,0.5615277886783007
D,2,S4,1.0,0.0,16.0,787200.0,612000.0,0.7774390243902439,1.000000000069866
D,2,S5,1.0,0.0,17.0,2031257.6000000006,1583040.0,0.7793398533007334,1.0000000000698654
D,2,S6,1.0,0.0,17.0,1590400.0,722400.0,0.45422535211267606,1.0000000000698652
D,2,S7,1.0,0.0,17.0,787200.0,612000.0,0.7774390243902439,1.000000000069866
D,2,S8,1.0,0.0,2.0,10784956.030880867,9241441.167605462,0.8568826002761796,0.7019958496584203
D,2,S9,1.0,0.0,16.0,1590400.0,722400.0,0.45422535211267606,1.0000000000698652
D,2,S_AIR_M,0.7666666666666667,0.23333333333333334,16.433333333333334,1708907.7592142108,1437523.1541834907,0.7228290917970558,0.870551144880136
D,3,S1,1.0,0.0,2.0,-6748.183107376099,334597.4124073982,0.010186757215619692,0.5919458866532962
D,3,S2,1.0,0.0,2.0,-6981.454849243164,324528.5652577877,0.010873258579680595,0.574132800142347
D,3,S3,1.0,0.0,2.0,-9120.88189125061,244553.645709157,0.01900237529691211,0.6000580192031484
D,3,S4,1.0,0.0,17.0,787200.0,612000.0,0.7774390243902439,1.000000000069866
D,3,S5,1.0,0.0,13.0,1949219.434387207,1519104.3880462646,0.7793398533007335,0.959612131185818
D,3,S6,1.0,0.0,16.0,1559252.7530670166,708252.1307945251,0.45422535211267606,0.9804154635160678
D,3,S7,1.0,0.0,17.0,787200.0,612000.0,0.7774390243902439,1.000000000069866
D,3,S8,1.0,0.0,4.0,7650735.2983825,15214875.17335488,0.5028457487302219,0.8015202880465685
D,3,S9,1.0,0.0,10.0,1302809.4818115234,591769.0956115723,0.45422535211267606,0.8191709519004934
D,3,S_AIR_M,0.1,0.9,19.733333333333334,1326791.1416235894,1344053.0486244448,0.6378921141530581,0.738966318223113
D,4,S1,1.0,0.0,8.0,-6601.180922985077,327308.55409801006,0.010186757215619692,0.5790509581970424
D,4,S2,1.0,0.0,5.0,-6385.934181213379,296846.15920484066,0.010873258579680595,0.525159060991739
D,4,S3,1.0,0.0,8.0,-8113.662242889404,217547.56888747212,0.01900237529691211,0.5337935686484393
D,4,S4,1.0,0.0,17.0,787200.0,612000.0,0.7774390243902439,1.000000000069866
D,4,S5,1.0,0.0,13.0,1675793.5494049068,1306012.698955536,0.7793398533007336,0.8250029683689488
D,4,S6,1.0,0.0,17.0,1329839.4876480103,604046.8095302582,0.45422535211267606,0.8361666799175804
D,4,S7,1.0,0.0,18.0,787200.0,612000.0,0.7774390243902439,1.000000000069866
D,4,S8,1.0,0.0,2.0,11238224.206331039,8839880.132970542,0.7865904764553994,0.7038083673015215
D,4,S9,1.0,0.0,12.0,1272750.57888031,578115.5798435211,0.45422535211267606,0.8002707362734099
D,4,S_AIR_M,0.36666666666666664,0.6333333333333333,18.433333333333334,1416980.6707471767,1225592.6753843888,0.6689093022752953,0.731144371264887
D,5,S1,1.0,0.0,2.0,-6663.476836681366,330397.39315211773,0.010186757215619692,0.5845155120304321
D,5,S2,1.0,0.0,2.0,-7554.372138977051,351160.26739776134,0.010873258579680595,0.6212477088408598
D,5,S3,1.0,0.0,2.0,-8382.34281539917,224751.56673789024,0.01900237529691211,0.5514699221042643
D,5,S4,1.0,0.0,17.0,787200.0,612000.0,0.7774390243902439,1.000000000069866
D,5,S5,1.0,0.0,14.0,1907644.6293212895,1486703.4855651855,0.7793398533007334,0.9391446114242563
D,5,S6,1.0,0.0,18.0,1510238.9757156372,685988.8305187225,0.45422535211267606,0.9495969415374438
D,5,S7,1.0,0.0,17.0,787200.0,612000.0,0.7774390243902439,1.000000000069866
D,5,S8,1.0,0.0,2.0,11570313.065446507,9750508.953319896,0.8427178156863131,0.747370004706146
D,5,S9,1.0,0.0,15.0,1309125.0242233276,594637.7750873566,0.45422535211267606,0.8231419921496417
D,5,S_AIR_M,0.6333333333333333,0.36666666666666664,17.8,1553999.8942213228,1244485.7163307916,0.7057828743306857,0.7742820100778728
D,6,S1,1.0,0.0,2.0,-6451.502895355225,319887.0185613632,0.010186757215619692,0.5659213066496468
D,6,S2,1.0,0.0,8.0,-6907.026634216309,321068.8161998987,0.010873258579680595,0.5680120587745793
D,6,S3,1.0,0.0,2.0,-8679.926300048828,232730.5239200592,0.01900237529691211,0.5710477829378464
D,6,S4,1.0,0.0,16.0,787200.0,612000.0,0.7774390243902439,1.000000000069866
D,6,S5,1.0,0.0,16.0,2003491.100750732,1561400.4605484009,0.7793398533007335,0.9863303900454117
D,6,S6,1.0,0.0,20.0,1558697.7270126343,708000.0238895416,0.45422535211267606,0.9800664783208836
D,6,S7,1.0,0.0,17.0,787200.0,612000.0,0.7774390243902439,1.000000000069866
D,6,S8,1.0,0.0,2.0,9667257.27690691,12145324.153623639,0.7959653570895113,0.7646079063949724
D,6,S9,1.0,0.0,9.0,1181558.613204956,536693.8771247861,0.4542253521126759,0.7429317236465706
D,6,S_AIR_M,0.6,0.4,17.633333333333333,1576728.8323627731,1356387.4172641868,0.6900909269963249,0.8115314715179742
D,7,S1,1.0,0.0,3.0,-6010.162031650543,298003.86740267277,0.010186757215619692,0.5272071957956541
D,7,S2,1.0,0.0,2.0,-6854.822006225586,318642.1166956425,0.010873258579680595,0.5637189150250422
D,7,S3,1.0,0.0,2.0,-8727.797937393188,234014.08219635487,0.01900237529691211,0.5741972327633533
D,7,S4,1.0,0.0,16.0,741302.6596069336,576317.6164627075,0.7774390243902439,0.9416954518022426
D,7,S5,1.0,0.0,17.0,1875737.6965576177,1461837.1412658691,0.7793398533007334,0.9234366417576316
D,7,S6,1.0,0.0,18.0,1514516.2311553955,687931.6683769226,0.45422535211267606,0.952286362714542
D,7,S7,1.0,0.0,19.0,787200.0,612000.0,0.7774390243902439,1.000000000069866
D,7,S8,1.0,0.0,2.0,8745171.244319139,10121541.6891616,0.8640157312876249,0.6613448262676712
D,7,S9,1.0,0.0,15.0,1431625.2939224243,650280.5032253265,0.45422535211267606,0.9001668096217589
D,7,S_AIR_M,0.3,0.7,17.133333333333333,1338710.582011397,1302574.5583765348,0.6832976928968009,0.7307879518754808
D,8,S1,1.0,0.0,2.0,-5271.877992153168,261397.28377759457,0.010186757215619692,0.46244543794048243
D,8,S2,1.0,0.0,2.0,-6098.175621032715,283469.8823839426,0.010873258579680595,0.5014947057120706
D,8,S3,1.0,0.0,2.0,-7646.619558334351,205024.98690783975,0.01900237529691211,0.5030670762413548
D,8,S4,1.0,0.0,16.0,787200.0,612000.0,0.7774390243902439,1.000000000069866
D,8,S5,1.0,0.0,9.0,1659061.8297149662,1292973.002986908,0.7793398533007334,0.8167658448789936
D,8,S6,1.0,0.0,13.0,1314674.6212005615,597158.5427284241,0.45422535211267606,0.8266314268689711
D,8,S7,1.0,0.0,17.0,787200.0,612000.0,0.7774390243902439,1.000000000069866
D,8,S8,1.0,0.0,2.0,8927546.494355496,11883645.020208064,0.7512464802822916,0.7295056582006865
D,8,S9,1.0,0.0,10.0,1224427.6691436768,556166.0891532898,0.45422535211267606,0.7698866129459392
D,8,S_AIR_M,0.43333333333333335,0.5666666666666667,18.1,1385303.7529817286,1222654.8396073014,0.6769707469589612,0.7215671982216506
D,9,S1,1.0,0.0,2.0,-5844.289648532867,289779.3617397547,0.010186757215619692,0.5126569867492273
D,9,S2,1.0,0.0,2.0,-6415.9318923950195,298240.58406054974,0.010873258579680595,0.5276259780298753
D,9,S3,1.0,0.0,2.0,-8346.769094467163,223797.7463454008,0.01900237529691211,0.549129545726995
D,9,S4,1.0,0.0,15.0,787200.0,612000.0,0.7774390243902439,1.000000000069866
D,9,S5,1.0,0.0,14.0,1690500.696627808,1317474.5649147034,0.7793398533007334,0.8322433829889007
D,9,S6,1.0,0.0,14.0,1370089.0670776367,622329.1889190674,0.45422535211267606,0.8614745140677555
D,9,S7,1.0,0.0,17.0,787200.0,612000.0,0.7774390243902439,1.000000000069866
D,9,S8,1.0,0.0,2.0,7379363.497318601,12001623.70377602,0.6148637617255791,0.6793719530580234
D,9,S9,1.0,0.0,14.0,1261035.6899261475,572794.3802833557,0.45422535211267606,0.7929047346669078
D,9,S_AIR_M,0.36666666666666664,0.6333333333333333,18.633333333333333,1406968.6734238984,1236010.2758247962,0.6756616931563965,0.7312565931021694
